"organization","category","country_code","website","contact_page","outreach_purpose","source_url","verification_status","added_on"
"WIRTSCHAFTSKAMMER VORARLBERG","Enterprise Europe Network / Business Support","AT","https://een.ec.europa.eu/local-contact-points/at","https://een.ec.europa.eu/local-contact-points/at","International business, investment, innovation and partnership outreach","https://een.ec.europa.eu/local-contact-points/at","official_directory","2026-10-04"
"ICS INTERNATIONALISIERUNGSCENTER STEIERMARK GMBH","Enterprise Europe Network / Business Support","AT","https://een.ec.europa.eu/local-contact-points/at","https://een.ec.europa.eu/local-contact-points/at","International business, investment, innovation and partnership outreach","https://een.ec.europa.eu/local-contact-points/at","official_directory","2026-10-04"
"STEIRISCHE WIRTSCHAFTSFORDERUNGSGESELLSCHAFT MBH","Enterprise Europe Network / Business Support","AT","https://een.ec.europa.eu/local-contact-points/at","https://een.ec.europa.eu/local-contact-points/at","International business, investment, innovation and partnership outreach","https://een.ec.europa.eu/local-contact-points/at","official_directory","2026-10-04"
"STANDORTAGENTUR TIROL GMBH","Enterprise Europe Network / Business Support","AT","https://een.ec.europa.eu/local-contact-points/at","https://een.ec.europa.eu/local-contact-points/at","International business, investment, innovation and partnership outreach","https://een.ec.europa.eu/local-contact-points/at","official_directory","2026-10-04"
"WIRTSCHAFTSKAMMER TIROL","Enterprise Europe Network / Business Support","AT","https://een.ec.europa.eu/local-contact-points/at","https://een.ec.europa.eu/local-contact-points/at","International business, investment, innovation and partnership outreach","https://een.ec.europa.eu/local-contact-points/at","official_directory","2026-10-04"
"WIRTSCHAFTSKAMMER KARNTEN - CHAMBER OF COMMERCE OF CARINTHIA","Enterprise Europe Network / Business Support","AT","https://een.ec.europa.eu/local-contact-points/at","https://een.ec.europa.eu/local-contact-points/at","International business, investment, innovation and partnership outreach","https://een.ec.europa.eu/local-contact-points/at","official_directory","2026-10-04"
"BUSINESS UPPER AUSTRIA - OO WIRTSCHAFTSAGENTUR GMBH","Enterprise Europe Network / Business Support","AT","https://een.ec.europa.eu/local-contact-points/at","https://een.ec.europa.eu/local-contact-points/at","International business, investment, innovation and partnership outreach","https://een.ec.europa.eu/local-contact-points/at","official_directory","2026-10-04"
"WIRTSCHAFTSKAMMER OBEROESTERREICH","Enterprise Europe Network / Business Support","AT","https://een.ec.europa.eu/local-contact-points/at","https://een.ec.europa.eu/local-contact-points/at","International business, investment, innovation and partnership outreach","https://een.ec.europa.eu/local-contact-points/at","official_directory","2026-10-04"
"Innovation Salzburg GmbH","Enterprise Europe Network / Business Support","AT","https://een.ec.europa.eu/local-contact-points/at","https://een.ec.europa.eu/local-contact-points/at","International business, investment, innovation and partnership outreach","https://een.ec.europa.eu/local-contact-points/at","official_directory","2026-10-04"
"Austrian Research Promotion Agency - FFG","Enterprise Europe Network / Business Support","AT","https://een.ec.europa.eu/local-contact-points/at","https://een.ec.europa.eu/local-contact-points/at","International business, investment, innovation and partnership outreach","https://een.ec.europa.eu/local-contact-points/at","official_directory","2026-10-04"
"WIRTSCHAFTSKAMMER OSTERREICH","Enterprise Europe Network / Business Support","AT","https://een.ec.europa.eu/local-contact-points/at","https://een.ec.europa.eu/local-contact-points/at","International business, investment, innovation and partnership outreach","https://een.ec.europa.eu/local-contact-points/at","official_directory","2026-10-04"
"ZENIT ZENTRUM FUR INNOVATION UND TECHNIK IN NORDRHEIN-WESTFALEN GMBH","Enterprise Europe Network / Business Support","DE","https://een.ec.europa.eu/local-contact-points/de","https://een.ec.europa.eu/local-contact-points/de","International business, investment, innovation and partnership outreach","https://een.ec.europa.eu/local-contact-points/de","official_directory","2026-10-04"
"BERLIN PARTNER FUR WIRTSCHAFT UND TECHNOLOGIE GMBH","Enterprise Europe Network / Business Support","DE","https://een.ec.europa.eu/local-contact-points/de","https://een.ec.europa.eu/local-contact-points/de","International business, investment, innovation and partnership outreach","https://een.ec.europa.eu/local-contact-points/de","official_directory","2026-10-04"
"DEUTSCHER SPARKASSEN- UND GIROVERBAND EV","Enterprise Europe Network / Business Support","DE","https://een.ec.europa.eu/local-contact-points/de","https://een.ec.europa.eu/local-contact-points/de","International business, investment, innovation and partnership outreach","https://een.ec.europa.eu/local-contact-points/de","official_directory","2026-10-04"
"Industrie- und Handelskammer zu Berlin","Enterprise Europe Network / Business Support","DE","https://een.ec.europa.eu/local-contact-points/de","https://een.ec.europa.eu/local-contact-points/de","International business, investment, innovation and partnership outreach","https://een.ec.europa.eu/local-contact-points/de","official_directory","2026-10-04"
"VDI/VDE INNOVATION + TECHNIK GMBH","Enterprise Europe Network / Business Support","DE","https://een.ec.europa.eu/local-contact-points/de","https://een.ec.europa.eu/local-contact-points/de","International business, investment, innovation and partnership outreach","https://een.ec.europa.eu/local-contact-points/de","official_directory","2026-10-04"
"FREIE HANSESTADT BREMEN","Enterprise Europe Network / Business Support","DE","https://een.ec.europa.eu/local-contact-points/de","https://een.ec.europa.eu/local-contact-points/de","International business, investment, innovation and partnership outreach","https://een.ec.europa.eu/local-contact-points/de","official_directory","2026-10-04"
"RKW Bremen GmbH","Enterprise Europe Network / Business Support","DE","https://een.ec.europa.eu/local-contact-points/de","https://een.ec.europa.eu/local-contact-points/de","International business, investment, innovation and partnership outreach","https://een.ec.europa.eu/local-contact-points/de","official_directory","2026-10-04"
"Bremer Aufbau-Bank GmbH","Enterprise Europe Network / Business Support","DE","https://een.ec.europa.eu/local-contact-points/de","https://een.ec.europa.eu/local-contact-points/de","International business, investment, innovation and partnership outreach","https://een.ec.europa.eu/local-contact-points/de","official_directory","2026-10-04"
"INDUSTRIE-UND HANDELSKAMMER CHEMNITZ","Enterprise Europe Network / Business Support","DE","https://een.ec.europa.eu/local-contact-points/de","https://een.ec.europa.eu/local-contact-points/de","International business, investment, innovation and partnership outreach","https://een.ec.europa.eu/local-contact-points/de","official_directory","2026-10-04"
"TECHNISCHE UNIVERSITAET CHEMNITZ","Enterprise Europe Network / Business Support","DE","https://een.ec.europa.eu/local-contact-points/de","https://een.ec.europa.eu/local-contact-points/de","International business, investment, innovation and partnership outreach","https://een.ec.europa.eu/local-contact-points/de","official_directory","2026-10-04"
"INDUSTRIE- UND HANDELSKAMMER DARMSTADT","Enterprise Europe Network / Business Support","DE","https://een.ec.europa.eu/local-contact-points/de","https://een.ec.europa.eu/local-contact-points/de","International business, investment, innovation and partnership outreach","https://een.ec.europa.eu/local-contact-points/de","official_directory","2026-10-04"
"HANDWERKSKAMMER DRESDEN","Enterprise Europe Network / Business Support","DE","https://een.ec.europa.eu/local-contact-points/de","https://een.ec.europa.eu/local-contact-points/de","International business, investment, innovation and partnership outreach","https://een.ec.europa.eu/local-contact-points/de","official_directory","2026-10-04"
"INDUSTRIE- UND HANDELSKAMMER DRESDEN","Enterprise Europe Network / Business Support","DE","https://een.ec.europa.eu/local-contact-points/de","https://een.ec.europa.eu/local-contact-points/de","International business, investment, innovation and partnership outreach","https://een.ec.europa.eu/local-contact-points/de","official_directory","2026-10-04"
"NRW.BANK","Enterprise Europe Network / Business Support","DE","https://een.ec.europa.eu/local-contact-points/de","https://een.ec.europa.eu/local-contact-points/de","International business, investment, innovation and partnership outreach","https://een.ec.europa.eu/local-contact-points/de","official_directory","2026-10-04"
"INDUSTRIE- UND HANDELSKAMMER ERFURT","Enterprise Europe Network / Business Support","DE","https://een.ec.europa.eu/local-contact-points/de","https://een.ec.europa.eu/local-contact-points/de","International business, investment, innovation and partnership outreach","https://een.ec.europa.eu/local-contact-points/de","official_directory","2026-10-04"
"STIFTUNG FUR TECHNOLOGIE INNOVATIONUND FORSCHUNG THURINGEN","Enterprise Europe Network / Business Support","DE","https://een.ec.europa.eu/local-contact-points/de","https://een.ec.europa.eu/local-contact-points/de","International business, investment, innovation and partnership outreach","https://een.ec.europa.eu/local-contact-points/de","official_directory","2026-10-04"
"INDUSTRIE- UND HANDELSKAMMER FRANKFURT AM MAIN","Enterprise Europe Network / Business Support","DE","https://een.ec.europa.eu/local-contact-points/de","https://een.ec.europa.eu/local-contact-points/de","International business, investment, innovation and partnership outreach","https://een.ec.europa.eu/local-contact-points/de","official_directory","2026-10-04"
"INDUSTRIE- UND HANDELSKAMMER SUDLICHER OBERRHEIN","Enterprise Europe Network / Business Support","DE","https://een.ec.europa.eu/local-contact-points/de","https://een.ec.europa.eu/local-contact-points/de","International business, investment, innovation and partnership outreach","https://een.ec.europa.eu/local-contact-points/de","official_directory","2026-10-04"
"ZTS-ZENTRUM FUR TECHNOLOGIESTRUKTURENTWICKLUNG IM LANDKREIS MEISSEN GMBH","Enterprise Europe Network / Business Support","DE","https://een.ec.europa.eu/local-contact-points/de","https://een.ec.europa.eu/local-contact-points/de","International business, investment, innovation and partnership outreach","https://een.ec.europa.eu/local-contact-points/de","official_directory","2026-10-04"
"TUTECH INNOVATION GMBH","Enterprise Europe Network / Business Support","DE","https://een.ec.europa.eu/local-contact-points/de","https://een.ec.europa.eu/local-contact-points/de","International business, investment, innovation and partnership outreach","https://een.ec.europa.eu/local-contact-points/de","official_directory","2026-10-04"
"HAMBURGISCHE INVESTITIONS- UND FORDERBANK","Enterprise Europe Network / Business Support","DE","https://een.ec.europa.eu/local-contact-points/de","https://een.ec.europa.eu/local-contact-points/de","International business, investment, innovation and partnership outreach","https://een.ec.europa.eu/local-contact-points/de","official_directory","2026-10-04"
"LNC LOGISTICNETWORK CONSULTANTS GMBH","Enterprise Europe Network / Business Support","DE","https://een.ec.europa.eu/local-contact-points/de","https://een.ec.europa.eu/local-contact-points/de","International business, investment, innovation and partnership outreach","https://een.ec.europa.eu/local-contact-points/de","official_directory","2026-10-04"
"GOTTFRIED WILHELM LEIBNIZ UNIVERSITAET HANNOVER","Enterprise Europe Network / Business Support","DE","https://een.ec.europa.eu/local-contact-points/de","https://een.ec.europa.eu/local-contact-points/de","International business, investment, innovation and partnership outreach","https://een.ec.europa.eu/local-contact-points/de","official_directory","2026-10-04"
"LZH LASERZENTRUM HANNOVER EV","Enterprise Europe Network / Business Support","DE","https://een.ec.europa.eu/local-contact-points/de","https://een.ec.europa.eu/local-contact-points/de","International business, investment, innovation and partnership outreach","https://een.ec.europa.eu/local-contact-points/de","official_directory","2026-10-04"
"INVESTITIONS-UND FORDERBANK NIEDERSACHSEN (NBANK)","Enterprise Europe Network / Business Support","DE","https://een.ec.europa.eu/local-contact-points/de","https://een.ec.europa.eu/local-contact-points/de","International business, investment, innovation and partnership outreach","https://een.ec.europa.eu/local-contact-points/de","official_directory","2026-10-04"
"Marketinggesellschaft der niedersachischen Land-undErnahrungswirtschaft eV","Enterprise Europe Network / Business Support","DE","https://een.ec.europa.eu/local-contact-points/de","https://een.ec.europa.eu/local-contact-points/de","International business, investment, innovation and partnership outreach","https://een.ec.europa.eu/local-contact-points/de","official_directory","2026-10-04"
"STEINBEIS 2I GMBH","Enterprise Europe Network / Business Support","DE","https://een.ec.europa.eu/local-contact-points/de","https://een.ec.europa.eu/local-contact-points/de","International business, investment, innovation and partnership outreach","https://een.ec.europa.eu/local-contact-points/de","official_directory","2026-10-04"
"WTSH WIRTSCHAFTSFORDERUNG UND TECHNOLOGIETRANSFER SCHLESWIG HOLSTEIN GMBH","Enterprise Europe Network / Business Support","DE","https://een.ec.europa.eu/local-contact-points/de","https://een.ec.europa.eu/local-contact-points/de","International business, investment, innovation and partnership outreach","https://een.ec.europa.eu/local-contact-points/de","official_directory","2026-10-04"
"INVESTITIONSBANK SCHLESWIG-HOLSTEIN","Enterprise Europe Network / Business Support","DE","https://een.ec.europa.eu/local-contact-points/de","https://een.ec.europa.eu/local-contact-points/de","International business, investment, innovation and partnership outreach","https://een.ec.europa.eu/local-contact-points/de","official_directory","2026-10-04"
"INDUSTRIE- UND HANDELSKAMMER HOCHRHEIN-BODENSEE","Enterprise Europe Network / Business Support","DE","https://een.ec.europa.eu/local-contact-points/de","https://een.ec.europa.eu/local-contact-points/de","International business, investment, innovation and partnership outreach","https://een.ec.europa.eu/local-contact-points/de","official_directory","2026-10-04"
"INDUSTRIE-UND HANDELSKAMMER ZU LEIPZIG","Enterprise Europe Network / Business Support","DE","https://een.ec.europa.eu/local-contact-points/de","https://een.ec.europa.eu/local-contact-points/de","International business, investment, innovation and partnership outreach","https://een.ec.europa.eu/local-contact-points/de","official_directory","2026-10-04"
"INDUSTRIE- UND HANDELSKAMMER MAGDEBURG","Enterprise Europe Network / Business Support","DE","https://een.ec.europa.eu/local-contact-points/de","https://een.ec.europa.eu/local-contact-points/de","International business, investment, innovation and partnership outreach","https://een.ec.europa.eu/local-contact-points/de","official_directory","2026-10-04"
"TTI TECHNOLOGIETRANSFER- UND INNOVATIONSFORDERUNG MAGDEBURG GMBH","Enterprise Europe Network / Business Support","DE","https://een.ec.europa.eu/local-contact-points/de","https://een.ec.europa.eu/local-contact-points/de","International business, investment, innovation and partnership outreach","https://een.ec.europa.eu/local-contact-points/de","official_directory","2026-10-04"
"INNOVATIONSAGENTUR RHEINLAND-PFALZ GMBH","Enterprise Europe Network / Business Support","DE","https://een.ec.europa.eu/local-contact-points/de","https://een.ec.europa.eu/local-contact-points/de","International business, investment, innovation and partnership outreach","https://een.ec.europa.eu/local-contact-points/de","official_directory","2026-10-04"
"BAYERN HANDWERK INTERNATIONAL GMBH","Enterprise Europe Network / Business Support","DE","https://een.ec.europa.eu/local-contact-points/de","https://een.ec.europa.eu/local-contact-points/de","International business, investment, innovation and partnership outreach","https://een.ec.europa.eu/local-contact-points/de","official_directory","2026-10-04"
"HANDWERKSKAMMER FUR MUNCHEN UND OBERBAYERN","Enterprise Europe Network / Business Support","DE","https://een.ec.europa.eu/local-contact-points/de","https://een.ec.europa.eu/local-contact-points/de","International business, investment, innovation and partnership outreach","https://een.ec.europa.eu/local-contact-points/de","official_directory","2026-10-04"
"INDUSTRIE- UND HANDELSKAMMER FUR MUENCHEN UND OBERBAYERN","Enterprise Europe Network / Business Support","DE","https://een.ec.europa.eu/local-contact-points/de","https://een.ec.europa.eu/local-contact-points/de","International business, investment, innovation and partnership outreach","https://een.ec.europa.eu/local-contact-points/de","official_directory","2026-10-04"
"BIHK SERVICE GMBH","Enterprise Europe Network / Business Support","DE","https://een.ec.europa.eu/local-contact-points/de","https://een.ec.europa.eu/local-contact-points/de","International business, investment, innovation and partnership outreach","https://een.ec.europa.eu/local-contact-points/de","official_directory","2026-10-04"
"AUFTRAGSBERATUNGSZENTRUM BAYERN EV","Enterprise Europe Network / Business Support","DE","https://een.ec.europa.eu/local-contact-points/de","https://een.ec.europa.eu/local-contact-points/de","International business, investment, innovation and partnership outreach","https://een.ec.europa.eu/local-contact-points/de","official_directory","2026-10-04"
"BAYERISCHE FORSCHUNGSALLIANZ BAVARIAN RESEARCH ALLIANCE GMBH","Enterprise Europe Network / Business Support","DE","https://een.ec.europa.eu/local-contact-points/de","https://een.ec.europa.eu/local-contact-points/de","International business, investment, innovation and partnership outreach","https://een.ec.europa.eu/local-contact-points/de","official_directory","2026-10-04"
"Bayern Innovativ GmbH","Enterprise Europe Network / Business Support","DE","https://een.ec.europa.eu/local-contact-points/de","https://een.ec.europa.eu/local-contact-points/de","International business, investment, innovation and partnership outreach","https://een.ec.europa.eu/local-contact-points/de","official_directory","2026-10-04"
"INDUSTRIE- UND HANDELSKAMMER OFFENBACH AM MAIN","Enterprise Europe Network / Business Support","DE","https://een.ec.europa.eu/local-contact-points/de","https://een.ec.europa.eu/local-contact-points/de","International business, investment, innovation and partnership outreach","https://een.ec.europa.eu/local-contact-points/de","official_directory","2026-10-04"
"WIRTSCHAFTSFORDERUNG LAND BRANDENBURG GMBH","Enterprise Europe Network / Business Support","DE","https://een.ec.europa.eu/local-contact-points/de","https://een.ec.europa.eu/local-contact-points/de","International business, investment, innovation and partnership outreach","https://een.ec.europa.eu/local-contact-points/de","official_directory","2026-10-04"
"INDUSTRIE UND HANDELSKAMMER REUTLINGEN","Enterprise Europe Network / Business Support","DE","https://een.ec.europa.eu/local-contact-points/de","https://een.ec.europa.eu/local-contact-points/de","International business, investment, innovation and partnership outreach","https://een.ec.europa.eu/local-contact-points/de","official_directory","2026-10-04"
"INDUSTRIE UND HANDELSKAMMER ZU ROSTOCK","Enterprise Europe Network / Business Support","DE","https://een.ec.europa.eu/local-contact-points/de","https://een.ec.europa.eu/local-contact-points/de","International business, investment, innovation and partnership outreach","https://een.ec.europa.eu/local-contact-points/de","official_directory","2026-10-04"
"STEINBEIS WISSENS UND TECHNOLOGIETRANSFER GMBH","Enterprise Europe Network / Business Support","DE","https://een.ec.europa.eu/local-contact-points/de","https://een.ec.europa.eu/local-contact-points/de","International business, investment, innovation and partnership outreach","https://een.ec.europa.eu/local-contact-points/de","official_directory","2026-10-04"
"TECHNOLOGIEPARK WARNEMUNDE GMBH","Enterprise Europe Network / Business Support","DE","https://een.ec.europa.eu/local-contact-points/de","https://een.ec.europa.eu/local-contact-points/de","International business, investment, innovation and partnership outreach","https://een.ec.europa.eu/local-contact-points/de","official_directory","2026-10-04"
"ATI KUSTE GMBH - GESELLSCHAFT FUR TECHNOLOGIE UND INNOVATION","Enterprise Europe Network / Business Support","DE","https://een.ec.europa.eu/local-contact-points/de","https://een.ec.europa.eu/local-contact-points/de","International business, investment, innovation and partnership outreach","https://een.ec.europa.eu/local-contact-points/de","official_directory","2026-10-04"
"saaris - saarland innovation und standort GmbH","Enterprise Europe Network / Business Support","DE","https://een.ec.europa.eu/local-contact-points/de","https://een.ec.europa.eu/local-contact-points/de","International business, investment, innovation and partnership outreach","https://een.ec.europa.eu/local-contact-points/de","official_directory","2026-10-04"
"Industrie- und Handelskammer Elbe-Weser","Enterprise Europe Network / Business Support","DE","https://een.ec.europa.eu/local-contact-points/de","https://een.ec.europa.eu/local-contact-points/de","International business, investment, innovation and partnership outreach","https://een.ec.europa.eu/local-contact-points/de","official_directory","2026-10-04"
"BADEN-WUERTTEMBERG INTERNATIONAL-GESELLSCHAFT FUER INTERNATIONALE WIRTSCHAFTLICHE UND WISSENSCHAFTLICHE ZUSAMMENARBEIT MBH","Enterprise Europe Network / Business Support","DE","https://een.ec.europa.eu/local-contact-points/de","https://een.ec.europa.eu/local-contact-points/de","International business, investment, innovation and partnership outreach","https://een.ec.europa.eu/local-contact-points/de","official_directory","2026-10-04"
"HANDWERKSKAMMER REGION STUTTGART","Enterprise Europe Network / Business Support","DE","https://een.ec.europa.eu/local-contact-points/de","https://een.ec.europa.eu/local-contact-points/de","International business, investment, innovation and partnership outreach","https://een.ec.europa.eu/local-contact-points/de","official_directory","2026-10-04"
"INDUSTRIE- UND HANDELSKAMMER REGION STUTTGART","Enterprise Europe Network / Business Support","DE","https://een.ec.europa.eu/local-contact-points/de","https://een.ec.europa.eu/local-contact-points/de","International business, investment, innovation and partnership outreach","https://een.ec.europa.eu/local-contact-points/de","official_directory","2026-10-04"
"MINISTERIUM FUER WIRTSCHAFT, ARBEIT UND TOURISMUS BADEN-WUERTTEMBERG","Enterprise Europe Network / Business Support","DE","https://een.ec.europa.eu/local-contact-points/de","https://een.ec.europa.eu/local-contact-points/de","International business, investment, innovation and partnership outreach","https://een.ec.europa.eu/local-contact-points/de","official_directory","2026-10-04"
"EIC TRIER-IHK/HWK-EUROPA-UND-INNOVATIONSCENTRE GMBH","Enterprise Europe Network / Business Support","DE","https://een.ec.europa.eu/local-contact-points/de","https://een.ec.europa.eu/local-contact-points/de","International business, investment, innovation and partnership outreach","https://een.ec.europa.eu/local-contact-points/de","official_directory","2026-10-04"
"INDUSTRIE- UND HANDELSKAMMER ULM","Enterprise Europe Network / Business Support","DE","https://een.ec.europa.eu/local-contact-points/de","https://een.ec.europa.eu/local-contact-points/de","International business, investment, innovation and partnership outreach","https://een.ec.europa.eu/local-contact-points/de","official_directory","2026-10-04"
"HESSEN TRADE & INVEST GMBH","Enterprise Europe Network / Business Support","DE","https://een.ec.europa.eu/local-contact-points/de","https://een.ec.europa.eu/local-contact-points/de","International business, investment, innovation and partnership outreach","https://een.ec.europa.eu/local-contact-points/de","official_directory","2026-10-04"
"CHAMBRE DE COMMERCE ET D'INDUSTRIE DE REGION CENTRE","Enterprise Europe Network / Business Support","FR","https://een.ec.europa.eu/local-contact-points/fr","https://een.ec.europa.eu/local-contact-points/fr","International business, investment, innovation and partnership outreach","https://een.ec.europa.eu/local-contact-points/fr","official_directory","2026-10-04"
"CHAMBRE DE COMMERCE ET D'INDUSTRIE DE REGION NOUVELLE-AQUITAINE","Enterprise Europe Network / Business Support","FR","https://een.ec.europa.eu/local-contact-points/fr","https://een.ec.europa.eu/local-contact-points/fr","International business, investment, innovation and partnership outreach","https://een.ec.europa.eu/local-contact-points/fr","official_directory","2026-10-04"
"Agence de Developpement Economique de la Corse","Enterprise Europe Network / Business Support","FR","https://een.ec.europa.eu/local-contact-points/fr","https://een.ec.europa.eu/local-contact-points/fr","International business, investment, innovation and partnership outreach","https://een.ec.europa.eu/local-contact-points/fr","official_directory","2026-10-04"
"CHAMBRE DE COMMERCE ET D INDUSTRIEDE REGION HAUTS-DE-FRANCE","Enterprise Europe Network / Business Support","FR","https://een.ec.europa.eu/local-contact-points/fr","https://een.ec.europa.eu/local-contact-points/fr","International business, investment, innovation and partnership outreach","https://een.ec.europa.eu/local-contact-points/fr","official_directory","2026-10-04"
"INCUBATEUR D'ENTREPRISES INNOVANTES INIZIA","Enterprise Europe Network / Business Support","FR","https://een.ec.europa.eu/local-contact-points/fr","https://een.ec.europa.eu/local-contact-points/fr","International business, investment, innovation and partnership outreach","https://een.ec.europa.eu/local-contact-points/fr","official_directory","2026-10-04"
"CCI REGION BOURGOGNE FRANCHE-COMTE","Enterprise Europe Network / Business Support","FR","https://een.ec.europa.eu/local-contact-points/fr","https://een.ec.europa.eu/local-contact-points/fr","International business, investment, innovation and partnership outreach","https://een.ec.europa.eu/local-contact-points/fr","official_directory","2026-10-04"
"AGENCE DE DEVELOPPEMENT ET D'INNOVATION AQUITAINE LIMOUSIN POITOU CHARENTES","Enterprise Europe Network / Business Support","FR","https://een.ec.europa.eu/local-contact-points/fr","https://een.ec.europa.eu/local-contact-points/fr","International business, investment, innovation and partnership outreach","https://een.ec.europa.eu/local-contact-points/fr","official_directory","2026-10-04"
"CHAMBRE DE COMMERCE ET D'INDUSTRIE DE REGION OCCITANIE","Enterprise Europe Network / Business Support","FR","https://een.ec.europa.eu/local-contact-points/fr","https://een.ec.europa.eu/local-contact-points/fr","International business, investment, innovation and partnership outreach","https://een.ec.europa.eu/local-contact-points/fr","official_directory","2026-10-04"
"CHAMBRE DE COMMERCE ET D'INDUSTRIE DE REGION NORMANDIE","Enterprise Europe Network / Business Support","FR","https://een.ec.europa.eu/local-contact-points/fr","https://een.ec.europa.eu/local-contact-points/fr","International business, investment, innovation and partnership outreach","https://een.ec.europa.eu/local-contact-points/fr","official_directory","2026-10-04"
"AGENCE BRETAGNE NEXT","Enterprise Europe Network / Business Support","FR","https://een.ec.europa.eu/local-contact-points/fr","https://een.ec.europa.eu/local-contact-points/fr","International business, investment, innovation and partnership outreach","https://een.ec.europa.eu/local-contact-points/fr","official_directory","2026-10-04"
"AD NORMANDIE","Enterprise Europe Network / Business Support","FR","https://een.ec.europa.eu/local-contact-points/fr","https://een.ec.europa.eu/local-contact-points/fr","International business, investment, innovation and partnership outreach","https://een.ec.europa.eu/local-contact-points/fr","official_directory","2026-10-04"
"CHAMBRE DE COMMERCE ET D'INDUSTRIE DE LA MARTINIQUE","Enterprise Europe Network / Business Support","FR","https://een.ec.europa.eu/local-contact-points/fr","https://een.ec.europa.eu/local-contact-points/fr","International business, investment, innovation and partnership outreach","https://een.ec.europa.eu/local-contact-points/fr","official_directory","2026-10-04"
"COMMUNAUTE D'AGGLOMERATION DU CENTRE DE LA MARTINIQUE","Enterprise Europe Network / Business Support","FR","https://een.ec.europa.eu/local-contact-points/fr","https://een.ec.europa.eu/local-contact-points/fr","International business, investment, innovation and partnership outreach","https://een.ec.europa.eu/local-contact-points/fr","official_directory","2026-10-04"
"AGENCE REGIONALE DE DEVELOPPEMENT ET D'INNOVATION HAUTS DE FRANCE","Enterprise Europe Network / Business Support","FR","https://een.ec.europa.eu/local-contact-points/fr","https://een.ec.europa.eu/local-contact-points/fr","International business, investment, innovation and partnership outreach","https://een.ec.europa.eu/local-contact-points/fr","official_directory","2026-10-04"
"AUVERGNE-RHONE-ALPES ENTREPRISES","Enterprise Europe Network / Business Support","FR","https://een.ec.europa.eu/local-contact-points/fr","https://een.ec.europa.eu/local-contact-points/fr","International business, investment, innovation and partnership outreach","https://een.ec.europa.eu/local-contact-points/fr","official_directory","2026-10-04"
"CHAMBRE DE COMMERCE ET D'INDUSTRIE DE REGION AUVERGNE-RHONE-ALPES","Enterprise Europe Network / Business Support","FR","https://een.ec.europa.eu/local-contact-points/fr","https://een.ec.europa.eu/local-contact-points/fr","International business, investment, innovation and partnership outreach","https://een.ec.europa.eu/local-contact-points/fr","official_directory","2026-10-04"
"BPIFRANCE","Enterprise Europe Network / Business Support","FR","https://een.ec.europa.eu/local-contact-points/fr","https://een.ec.europa.eu/local-contact-points/fr","International business, investment, innovation and partnership outreach","https://een.ec.europa.eu/local-contact-points/fr","official_directory","2026-10-04"
"CHAMBRE DE COMMERCE ET D'INDUSTRIE DE REGION PROVENCE ALPES COTE D'AZUR","Enterprise Europe Network / Business Support","FR","https://een.ec.europa.eu/local-contact-points/fr","https://een.ec.europa.eu/local-contact-points/fr","International business, investment, innovation and partnership outreach","https://een.ec.europa.eu/local-contact-points/fr","official_directory","2026-10-04"
"RISINGSUD","Enterprise Europe Network / Business Support","FR","https://een.ec.europa.eu/local-contact-points/fr","https://een.ec.europa.eu/local-contact-points/fr","International business, investment, innovation and partnership outreach","https://een.ec.europa.eu/local-contact-points/fr","official_directory","2026-10-04"
"Grand Est Développement","Enterprise Europe Network / Business Support","FR","https://een.ec.europa.eu/local-contact-points/fr","https://een.ec.europa.eu/local-contact-points/fr","International business, investment, innovation and partnership outreach","https://een.ec.europa.eu/local-contact-points/fr","official_directory","2026-10-04"
"PAYS DE LA LOIRE REGIONAL COUNCIL","Enterprise Europe Network / Business Support","FR","https://een.ec.europa.eu/local-contact-points/fr","https://een.ec.europa.eu/local-contact-points/fr","International business, investment, innovation and partnership outreach","https://een.ec.europa.eu/local-contact-points/fr","official_directory","2026-10-04"
"SOCIETE PUBLIQUE REGIONALE DES PAYS DE LA LOIRE","Enterprise Europe Network / Business Support","FR","https://een.ec.europa.eu/local-contact-points/fr","https://een.ec.europa.eu/local-contact-points/fr","International business, investment, innovation and partnership outreach","https://een.ec.europa.eu/local-contact-points/fr","official_directory","2026-10-04"
"Chambre de Commerce et d'Industrie de Nouvelle Calédonie","Enterprise Europe Network / Business Support","FR","https://een.ec.europa.eu/local-contact-points/fr","https://een.ec.europa.eu/local-contact-points/fr","International business, investment, innovation and partnership outreach","https://een.ec.europa.eu/local-contact-points/fr","official_directory","2026-10-04"
"DEV'UP CENTRE-VAL DE LOIRE","Enterprise Europe Network / Business Support","FR","https://een.ec.europa.eu/local-contact-points/fr","https://een.ec.europa.eu/local-contact-points/fr","International business, investment, innovation and partnership outreach","https://een.ec.europa.eu/local-contact-points/fr","official_directory","2026-10-04"
"CHAMBRE DE COMMERCE, D'INDUSTRIE, DES SERVICES ET DES METIERS DE POLYNESIE FRANCAISE","Enterprise Europe Network / Business Support","FR","https://een.ec.europa.eu/local-contact-points/fr","https://een.ec.europa.eu/local-contact-points/fr","International business, investment, innovation and partnership outreach","https://een.ec.europa.eu/local-contact-points/fr","official_directory","2026-10-04"
"CHAMBRE DE COMMERCE ET D'INDUSTRIE DE REGION PARIS ILE-DE-FRANCE","Enterprise Europe Network / Business Support","FR","https://een.ec.europa.eu/local-contact-points/fr","https://een.ec.europa.eu/local-contact-points/fr","International business, investment, innovation and partnership outreach","https://een.ec.europa.eu/local-contact-points/fr","official_directory","2026-10-04"
"CHAMBRE DE COMMERCE ET D'INDUSTRIE DE REGION DES ILES DE GUADELOUPE","Enterprise Europe Network / Business Support","FR","https://een.ec.europa.eu/local-contact-points/fr","https://een.ec.europa.eu/local-contact-points/fr","International business, investment, innovation and partnership outreach","https://een.ec.europa.eu/local-contact-points/fr","official_directory","2026-10-04"
"CENTRE EUROPEEN D'ENTREPRISE ET D'INNOVATION BRETAGNE COMPETITIVITE","Enterprise Europe Network / Business Support","FR","https://een.ec.europa.eu/local-contact-points/fr","https://een.ec.europa.eu/local-contact-points/fr","International business, investment, innovation and partnership outreach","https://een.ec.europa.eu/local-contact-points/fr","official_directory","2026-10-04"
"LA REUNION DEVELOPPEMENT","Enterprise Europe Network / Business Support","FR","https://een.ec.europa.eu/local-contact-points/fr","https://een.ec.europa.eu/local-contact-points/fr","International business, investment, innovation and partnership outreach","https://een.ec.europa.eu/local-contact-points/fr","official_directory","2026-10-04"
"LA REUNION INNOVATION","Enterprise Europe Network / Business Support","FR","https://een.ec.europa.eu/local-contact-points/fr","https://een.ec.europa.eu/local-contact-points/fr","International business, investment, innovation and partnership outreach","https://een.ec.europa.eu/local-contact-points/fr","official_directory","2026-10-04"
"CHAMBRE DE COMMERCE ET D'INDUSTRIE GRAND EST","Enterprise Europe Network / Business Support","FR","https://een.ec.europa.eu/local-contact-points/fr","https://een.ec.europa.eu/local-contact-points/fr","International business, investment, innovation and partnership outreach","https://een.ec.europa.eu/local-contact-points/fr","official_directory","2026-10-04"
"AGENCE DE DEVELOPPEMENT ECONOMIQUE D'OCCITANIE - SPL","Enterprise Europe Network / Business Support","FR","https://een.ec.europa.eu/local-contact-points/fr","https://een.ec.europa.eu/local-contact-points/fr","International business, investment, innovation and partnership outreach","https://een.ec.europa.eu/local-contact-points/fr","official_directory","2026-10-04"
"Adana Chamber of Industry","Enterprise Europe Network / Business Support","TR","https://een.ec.europa.eu/local-contact-points/tr","https://een.ec.europa.eu/local-contact-points/tr","International business, investment, innovation and partnership outreach","https://een.ec.europa.eu/local-contact-points/tr","official_directory","2026-10-04"
"ADANA TICARET ODASI","Enterprise Europe Network / Business Support","TR","https://een.ec.europa.eu/local-contact-points/tr","https://een.ec.europa.eu/local-contact-points/tr","International business, investment, innovation and partnership outreach","https://een.ec.europa.eu/local-contact-points/tr","official_directory","2026-10-04"
"ANKARA SANAYI ODASI","Enterprise Europe Network / Business Support","TR","https://een.ec.europa.eu/local-contact-points/tr","https://een.ec.europa.eu/local-contact-points/tr","International business, investment, innovation and partnership outreach","https://een.ec.europa.eu/local-contact-points/tr","official_directory","2026-10-04"
"KOSGEB-KUCUK VE ORTA OLCEKLI ISLETMELERI GELISTIRME VE DESTEKLEME IDARESI BASKANLIGI","Enterprise Europe Network / Business Support","TR","https://een.ec.europa.eu/local-contact-points/tr","https://een.ec.europa.eu/local-contact-points/tr","International business, investment, innovation and partnership outreach","https://een.ec.europa.eu/local-contact-points/tr","official_directory","2026-10-04"
"KOSGEB Gaziantep Mudurlugu","Enterprise Europe Network / Business Support","TR","https://een.ec.europa.eu/local-contact-points/tr","https://een.ec.europa.eu/local-contact-points/tr","International business, investment, innovation and partnership outreach","https://een.ec.europa.eu/local-contact-points/tr","official_directory","2026-10-04"
"KOSGEB IZMIR DIRECTORATE","Enterprise Europe Network / Business Support","TR","https://een.ec.europa.eu/local-contact-points/tr","https://een.ec.europa.eu/local-contact-points/tr","International business, investment, innovation and partnership outreach","https://een.ec.europa.eu/local-contact-points/tr","official_directory","2026-10-04"
"ODTU TEKNOKENT YONETIM ANONIM SIRKETI","Enterprise Europe Network / Business Support","TR","https://een.ec.europa.eu/local-contact-points/tr","https://een.ec.europa.eu/local-contact-points/tr","International business, investment, innovation and partnership outreach","https://een.ec.europa.eu/local-contact-points/tr","official_directory","2026-10-04"
"KOSGEB Balıkesir","Enterprise Europe Network / Business Support","TR","https://een.ec.europa.eu/local-contact-points/tr","https://een.ec.europa.eu/local-contact-points/tr","International business, investment, innovation and partnership outreach","https://een.ec.europa.eu/local-contact-points/tr","official_directory","2026-10-04"
"KOSGEB Ostim Ankara","Enterprise Europe Network / Business Support","TR","https://een.ec.europa.eu/local-contact-points/tr","https://een.ec.europa.eu/local-contact-points/tr","International business, investment, innovation and partnership outreach","https://een.ec.europa.eu/local-contact-points/tr","official_directory","2026-10-04"
"ANTALYA KOSGEB","Enterprise Europe Network / Business Support","TR","https://een.ec.europa.eu/local-contact-points/tr","https://een.ec.europa.eu/local-contact-points/tr","International business, investment, innovation and partnership outreach","https://een.ec.europa.eu/local-contact-points/tr","official_directory","2026-10-04"
"ANTALYA TEKNOKENT YONETICI VE ISLETICI ANONIM SIRKETI","Enterprise Europe Network / Business Support","TR","https://een.ec.europa.eu/local-contact-points/tr","https://een.ec.europa.eu/local-contact-points/tr","International business, investment, innovation and partnership outreach","https://een.ec.europa.eu/local-contact-points/tr","official_directory","2026-10-04"
"ANTALYA TICARET VE SANAYI ODASI","Enterprise Europe Network / Business Support","TR","https://een.ec.europa.eu/local-contact-points/tr","https://een.ec.europa.eu/local-contact-points/tr","International business, investment, innovation and partnership outreach","https://een.ec.europa.eu/local-contact-points/tr","official_directory","2026-10-04"
"BURSA CHAMBER OF COMMERCE AND INDUSTRY","Enterprise Europe Network / Business Support","TR","https://een.ec.europa.eu/local-contact-points/tr","https://een.ec.europa.eu/local-contact-points/tr","International business, investment, innovation and partnership outreach","https://een.ec.europa.eu/local-contact-points/tr","official_directory","2026-10-04"
"KOSGEB BURSA","Enterprise Europe Network / Business Support","TR","https://een.ec.europa.eu/local-contact-points/tr","https://een.ec.europa.eu/local-contact-points/tr","International business, investment, innovation and partnership outreach","https://een.ec.europa.eu/local-contact-points/tr","official_directory","2026-10-04"
"ULUTEK Teknoloji Geliştirme Bölgesi","Enterprise Europe Network / Business Support","TR","https://een.ec.europa.eu/local-contact-points/tr","https://een.ec.europa.eu/local-contact-points/tr","International business, investment, innovation and partnership outreach","https://een.ec.europa.eu/local-contact-points/tr","official_directory","2026-10-04"
"CANAKKALE CHAMBER OF COMMERCE AND INDUSTRY","Enterprise Europe Network / Business Support","TR","https://een.ec.europa.eu/local-contact-points/tr","https://een.ec.europa.eu/local-contact-points/tr","International business, investment, innovation and partnership outreach","https://een.ec.europa.eu/local-contact-points/tr","official_directory","2026-10-04"
"CORUM CHAMBER OF COMMERCE AND INDUSTRY","Enterprise Europe Network / Business Support","TR","https://een.ec.europa.eu/local-contact-points/tr","https://een.ec.europa.eu/local-contact-points/tr","International business, investment, innovation and partnership outreach","https://een.ec.europa.eu/local-contact-points/tr","official_directory","2026-10-04"
"DENIZLI TICARET ODASI","Enterprise Europe Network / Business Support","TR","https://een.ec.europa.eu/local-contact-points/tr","https://een.ec.europa.eu/local-contact-points/tr","International business, investment, innovation and partnership outreach","https://een.ec.europa.eu/local-contact-points/tr","official_directory","2026-10-04"
"DUZCE UNIVERSITESI SANAYI VE IS DUNYASI ISBIRLIGI UYGULAMA VE ARASTIRMA MERKEZI YONETMELIGI","Enterprise Europe Network / Business Support","TR","https://een.ec.europa.eu/local-contact-points/tr","https://een.ec.europa.eu/local-contact-points/tr","International business, investment, innovation and partnership outreach","https://een.ec.europa.eu/local-contact-points/tr","official_directory","2026-10-04"
"FIRAT TEKNOKENT-TEKNOLOJI GELISTIRME BOLGESI YONETICI A.S.","Enterprise Europe Network / Business Support","TR","https://een.ec.europa.eu/local-contact-points/tr","https://een.ec.europa.eu/local-contact-points/tr","International business, investment, innovation and partnership outreach","https://een.ec.europa.eu/local-contact-points/tr","official_directory","2026-10-04"
"ATA TEKNOKENT AS","Enterprise Europe Network / Business Support","TR","https://een.ec.europa.eu/local-contact-points/tr","https://een.ec.europa.eu/local-contact-points/tr","International business, investment, innovation and partnership outreach","https://een.ec.europa.eu/local-contact-points/tr","official_directory","2026-10-04"
"KUZEYDOGU ANADOLU KALKINMA AJANSI","Enterprise Europe Network / Business Support","TR","https://een.ec.europa.eu/local-contact-points/tr","https://een.ec.europa.eu/local-contact-points/tr","International business, investment, innovation and partnership outreach","https://een.ec.europa.eu/local-contact-points/tr","official_directory","2026-10-04"
"Eastern Anatolian Exporters Association","Enterprise Europe Network / Business Support","TR","https://een.ec.europa.eu/local-contact-points/tr","https://een.ec.europa.eu/local-contact-points/tr","International business, investment, innovation and partnership outreach","https://een.ec.europa.eu/local-contact-points/tr","official_directory","2026-10-04"
"ESKISEHIR SANAYI ODASI","Enterprise Europe Network / Business Support","TR","https://een.ec.europa.eu/local-contact-points/tr","https://een.ec.europa.eu/local-contact-points/tr","International business, investment, innovation and partnership outreach","https://een.ec.europa.eu/local-contact-points/tr","official_directory","2026-10-04"
"GAZIANTEP OSB TEKNOLOJI GELISTIRME BOLGESI TEKNOPARK AS","Enterprise Europe Network / Business Support","TR","https://een.ec.europa.eu/local-contact-points/tr","https://een.ec.europa.eu/local-contact-points/tr","International business, investment, innovation and partnership outreach","https://een.ec.europa.eu/local-contact-points/tr","official_directory","2026-10-04"
"GAZIANTEP TEKNOLOJI GELISTIRME BOLGESI KURUCU VE ISLETICI ANONIM SIRKETI AS","Enterprise Europe Network / Business Support","TR","https://een.ec.europa.eu/local-contact-points/tr","https://een.ec.europa.eu/local-contact-points/tr","International business, investment, innovation and partnership outreach","https://een.ec.europa.eu/local-contact-points/tr","official_directory","2026-10-04"
"Gaziantep Ticaret Odasi","Enterprise Europe Network / Business Support","TR","https://een.ec.europa.eu/local-contact-points/tr","https://een.ec.europa.eu/local-contact-points/tr","International business, investment, innovation and partnership outreach","https://een.ec.europa.eu/local-contact-points/tr","official_directory","2026-10-04"
"GAZIANTEP UNIVERSITESI TARGET TEKNOLOJI TRANSFER OFISI AS","Enterprise Europe Network / Business Support","TR","https://een.ec.europa.eu/local-contact-points/tr","https://een.ec.europa.eu/local-contact-points/tr","International business, investment, innovation and partnership outreach","https://een.ec.europa.eu/local-contact-points/tr","official_directory","2026-10-04"
"VAN TICARET VE SANAYI ODASI BASKANLIGI","Enterprise Europe Network / Business Support","TR","https://een.ec.europa.eu/local-contact-points/tr","https://een.ec.europa.eu/local-contact-points/tr","International business, investment, innovation and partnership outreach","https://een.ec.europa.eu/local-contact-points/tr","official_directory","2026-10-04"
"ISTANBUL SANAYI ODASI","Enterprise Europe Network / Business Support","TR","https://een.ec.europa.eu/local-contact-points/tr","https://een.ec.europa.eu/local-contact-points/tr","International business, investment, innovation and partnership outreach","https://een.ec.europa.eu/local-contact-points/tr","official_directory","2026-10-04"
"SABANCI UNIVERSITESI","Enterprise Europe Network / Business Support","TR","https://een.ec.europa.eu/local-contact-points/tr","https://een.ec.europa.eu/local-contact-points/tr","International business, investment, innovation and partnership outreach","https://een.ec.europa.eu/local-contact-points/tr","official_directory","2026-10-04"
"KOSGEB ISTANBUL","Enterprise Europe Network / Business Support","TR","https://een.ec.europa.eu/local-contact-points/tr","https://een.ec.europa.eu/local-contact-points/tr","International business, investment, innovation and partnership outreach","https://een.ec.europa.eu/local-contact-points/tr","official_directory","2026-10-04"
"EGE BOLGESI SANAYI ODASI","Enterprise Europe Network / Business Support","TR","https://een.ec.europa.eu/local-contact-points/tr","https://een.ec.europa.eu/local-contact-points/tr","International business, investment, innovation and partnership outreach","https://een.ec.europa.eu/local-contact-points/tr","official_directory","2026-10-04"
"EGE UNIVERSITY","Enterprise Europe Network / Business Support","TR","https://een.ec.europa.eu/local-contact-points/tr","https://een.ec.europa.eu/local-contact-points/tr","International business, investment, innovation and partnership outreach","https://een.ec.europa.eu/local-contact-points/tr","official_directory","2026-10-04"
"DOGU MARMARA AVRUPA BIRLIGI IS GELISTIRME MERKEZI (ABIGEM) AS","Enterprise Europe Network / Business Support","TR","https://een.ec.europa.eu/local-contact-points/tr","https://een.ec.europa.eu/local-contact-points/tr","International business, investment, innovation and partnership outreach","https://een.ec.europa.eu/local-contact-points/tr","official_directory","2026-10-04"
"KAHRAMANMARAS TICARET VE SANAYI ODASI","Enterprise Europe Network / Business Support","TR","https://een.ec.europa.eu/local-contact-points/tr","https://een.ec.europa.eu/local-contact-points/tr","International business, investment, innovation and partnership outreach","https://een.ec.europa.eu/local-contact-points/tr","official_directory","2026-10-04"
"KOU TEKNOPARK AS","Enterprise Europe Network / Business Support","TR","https://een.ec.europa.eu/local-contact-points/tr","https://een.ec.europa.eu/local-contact-points/tr","International business, investment, innovation and partnership outreach","https://een.ec.europa.eu/local-contact-points/tr","official_directory","2026-10-04"
"KONYA SANAYI ODASI","Enterprise Europe Network / Business Support","TR","https://een.ec.europa.eu/local-contact-points/tr","https://een.ec.europa.eu/local-contact-points/tr","International business, investment, innovation and partnership outreach","https://een.ec.europa.eu/local-contact-points/tr","official_directory","2026-10-04"
"FIRAT KALKINMA AJANSI","Enterprise Europe Network / Business Support","TR","https://een.ec.europa.eu/local-contact-points/tr","https://een.ec.europa.eu/local-contact-points/tr","International business, investment, innovation and partnership outreach","https://een.ec.europa.eu/local-contact-points/tr","official_directory","2026-10-04"
"ERCIYES TEKNOPARK AS","Enterprise Europe Network / Business Support","TR","https://een.ec.europa.eu/local-contact-points/tr","https://een.ec.europa.eu/local-contact-points/tr","International business, investment, innovation and partnership outreach","https://een.ec.europa.eu/local-contact-points/tr","official_directory","2026-10-04"
"MERSIN TICARET VE SANAYI ODASI","Enterprise Europe Network / Business Support","TR","https://een.ec.europa.eu/local-contact-points/tr","https://een.ec.europa.eu/local-contact-points/tr","International business, investment, innovation and partnership outreach","https://een.ec.europa.eu/local-contact-points/tr","official_directory","2026-10-04"
"T.C. MUGLA TICARET VE SANAYI ODASI","Enterprise Europe Network / Business Support","TR","https://een.ec.europa.eu/local-contact-points/tr","https://een.ec.europa.eu/local-contact-points/tr","International business, investment, innovation and partnership outreach","https://een.ec.europa.eu/local-contact-points/tr","official_directory","2026-10-04"
"SAMSUN TICARET VE SANAYI ODASI","Enterprise Europe Network / Business Support","TR","https://een.ec.europa.eu/local-contact-points/tr","https://een.ec.europa.eu/local-contact-points/tr","International business, investment, innovation and partnership outreach","https://een.ec.europa.eu/local-contact-points/tr","official_directory","2026-10-04"
"SANLIURFA TICARET VE SANAYI ODASI","Enterprise Europe Network / Business Support","TR","https://een.ec.europa.eu/local-contact-points/tr","https://een.ec.europa.eu/local-contact-points/tr","International business, investment, innovation and partnership outreach","https://een.ec.europa.eu/local-contact-points/tr","official_directory","2026-10-04"
"CUKUROVA TECHNOLOJI GELISTIRME BOLGESI YONETICI AS","Enterprise Europe Network / Business Support","TR","https://een.ec.europa.eu/local-contact-points/tr","https://een.ec.europa.eu/local-contact-points/tr","International business, investment, innovation and partnership outreach","https://een.ec.europa.eu/local-contact-points/tr","official_directory","2026-10-04"
"NAMIK KEMAL UNIVERSITESI TEKNOLOJIGELISTRIME BOLGESI YONETICI ANONIM SIRKETI","Enterprise Europe Network / Business Support","TR","https://een.ec.europa.eu/local-contact-points/tr","https://een.ec.europa.eu/local-contact-points/tr","International business, investment, innovation and partnership outreach","https://een.ec.europa.eu/local-contact-points/tr","official_directory","2026-10-04"
"TRABZON TICARET VE SANAYI ODASI","Enterprise Europe Network / Business Support","TR","https://een.ec.europa.eu/local-contact-points/tr","https://een.ec.europa.eu/local-contact-points/tr","International business, investment, innovation and partnership outreach","https://een.ec.europa.eu/local-contact-points/tr","official_directory","2026-10-04"
"UNIONCAMERE PIEMONTE","Enterprise Europe Network / Business Support","IT","https://een.ec.europa.eu/local-contact-points/it","https://een.ec.europa.eu/local-contact-points/it","International business, investment, innovation and partnership outreach","https://een.ec.europa.eu/local-contact-points/it","official_directory","2026-10-04"
"LINFA AZIENDA SPECIALE CAMERA DI COMMERCIO DELLE MARCHE - AGROALIMENTARE","Enterprise Europe Network / Business Support","IT","https://een.ec.europa.eu/local-contact-points/it","https://een.ec.europa.eu/local-contact-points/it","International business, investment, innovation and partnership outreach","https://een.ec.europa.eu/local-contact-points/it","official_directory","2026-10-04"
"UNIONE REGIONALE DELLE CAMERE DI COMMERCIO DELLA PUGLIA","Enterprise Europe Network / Business Support","IT","https://een.ec.europa.eu/local-contact-points/it","https://een.ec.europa.eu/local-contact-points/it","International business, investment, innovation and partnership outreach","https://een.ec.europa.eu/local-contact-points/it","official_directory","2026-10-04"
"ART-ER-SOCIETA CONSORTILE PER AZIONI","Enterprise Europe Network / Business Support","IT","https://een.ec.europa.eu/local-contact-points/it","https://een.ec.europa.eu/local-contact-points/it","International business, investment, innovation and partnership outreach","https://een.ec.europa.eu/local-contact-points/it","official_directory","2026-10-04"
"CNA EMILIA-ROMAGNA","Enterprise Europe Network / Business Support","IT","https://een.ec.europa.eu/local-contact-points/it","https://een.ec.europa.eu/local-contact-points/it","International business, investment, innovation and partnership outreach","https://een.ec.europa.eu/local-contact-points/it","official_directory","2026-10-04"
"CONFINDUSTRIA EMILIA-ROMAGNA","Enterprise Europe Network / Business Support","IT","https://een.ec.europa.eu/local-contact-points/it","https://een.ec.europa.eu/local-contact-points/it","International business, investment, innovation and partnership outreach","https://een.ec.europa.eu/local-contact-points/it","official_directory","2026-10-04"
"UNIONE REGIONALE DELLE CAMERE DI COMMERCIO, INDUSTRIA, ARTIGIANATO E AGRICOLTURA DELL' EMILIA-ROMAGNA","Enterprise Europe Network / Business Support","IT","https://een.ec.europa.eu/local-contact-points/it","https://een.ec.europa.eu/local-contact-points/it","International business, investment, innovation and partnership outreach","https://een.ec.europa.eu/local-contact-points/it","official_directory","2026-10-04"
"ISTITUTO PER LA PROMOZIONE DELLO SVILUPPO ECONOMICO","Enterprise Europe Network / Business Support","IT","https://een.ec.europa.eu/local-contact-points/it","https://een.ec.europa.eu/local-contact-points/it","International business, investment, innovation and partnership outreach","https://een.ec.europa.eu/local-contact-points/it","official_directory","2026-10-04"
"NOI SPA","Enterprise Europe Network / Business Support","IT","https://een.ec.europa.eu/local-contact-points/it","https://een.ec.europa.eu/local-contact-points/it","International business, investment, innovation and partnership outreach","https://een.ec.europa.eu/local-contact-points/it","official_directory","2026-10-04"
"AGENZIA NAZIONALE PER LE NUOVE TECNOLOGIE, L'ENERGIA E LO SVILUPPO ECONOMICO SOSTENIBILE","Enterprise Europe Network / Business Support","IT","https://een.ec.europa.eu/local-contact-points/it","https://een.ec.europa.eu/local-contact-points/it","International business, investment, innovation and partnership outreach","https://een.ec.europa.eu/local-contact-points/it","official_directory","2026-10-04"
"CENTRO DI RICERCHE EUROPEO DI TECNOLOGIE DESIGN E MATERIALI","Enterprise Europe Network / Business Support","IT","https://een.ec.europa.eu/local-contact-points/it","https://een.ec.europa.eu/local-contact-points/it","International business, investment, innovation and partnership outreach","https://een.ec.europa.eu/local-contact-points/it","official_directory","2026-10-04"
"SARDEGNA RICERCHE","Enterprise Europe Network / Business Support","IT","https://een.ec.europa.eu/local-contact-points/it","https://een.ec.europa.eu/local-contact-points/it","International business, investment, innovation and partnership outreach","https://een.ec.europa.eu/local-contact-points/it","official_directory","2026-10-04"
"AZIENDA SPECIALE S.E.R.M. - SVILUPPO ECONOMICO DELLA REGIONE MOLISE -DELLA CAMERA DI COMMERCIO DEL MOLISE","Enterprise Europe Network / Business Support","IT","https://een.ec.europa.eu/local-contact-points/it","https://een.ec.europa.eu/local-contact-points/it","International business, investment, innovation and partnership outreach","https://een.ec.europa.eu/local-contact-points/it","official_directory","2026-10-04"
"AZIENDA SPECIALE AGENZIA DI SVILUPPO DELLA CAMERA DI COMMERCIO DI CHIETI","Enterprise Europe Network / Business Support","IT","https://een.ec.europa.eu/local-contact-points/it","https://een.ec.europa.eu/local-contact-points/it","International business, investment, innovation and partnership outreach","https://een.ec.europa.eu/local-contact-points/it","official_directory","2026-10-04"
"CONFINDUSTRIA TOSCANA","Enterprise Europe Network / Business Support","IT","https://een.ec.europa.eu/local-contact-points/it","https://een.ec.europa.eu/local-contact-points/it","International business, investment, innovation and partnership outreach","https://een.ec.europa.eu/local-contact-points/it","official_directory","2026-10-04"
"CONFINDUSTRIA TOSCANA SERVIZI SOCIETA CONSORTILE ARL","Enterprise Europe Network / Business Support","IT","https://een.ec.europa.eu/local-contact-points/it","https://een.ec.europa.eu/local-contact-points/it","International business, investment, innovation and partnership outreach","https://een.ec.europa.eu/local-contact-points/it","official_directory","2026-10-04"
"EUROSPORTELLO CONFESERCENTI","Enterprise Europe Network / Business Support","IT","https://een.ec.europa.eu/local-contact-points/it","https://een.ec.europa.eu/local-contact-points/it","International business, investment, innovation and partnership outreach","https://een.ec.europa.eu/local-contact-points/it","official_directory","2026-10-04"
"PROMOFIRENZE AZIENDA SPECIALE DELLACAMERA DI COMMERCIO INDUSTRIA ARTIGIANATO E AGRICOLTURA DI FIRENZE","Enterprise Europe Network / Business Support","IT","https://een.ec.europa.eu/local-contact-points/it","https://een.ec.europa.eu/local-contact-points/it","International business, investment, innovation and partnership outreach","https://een.ec.europa.eu/local-contact-points/it","official_directory","2026-10-04"
"UNIONE REGIONALE DELLE CAMERE DI COMMERCIO DELLA TOSCANA ASSOCIAZIONE","Enterprise Europe Network / Business Support","IT","https://een.ec.europa.eu/local-contact-points/it","https://een.ec.europa.eu/local-contact-points/it","International business, investment, innovation and partnership outreach","https://een.ec.europa.eu/local-contact-points/it","official_directory","2026-10-04"
"SOCIETA REGIONALE PER LO SVILUPPO ECONOMICO DELL UMBRIA - SVILUPPUMBRIA SPA","Enterprise Europe Network / Business Support","IT","https://een.ec.europa.eu/local-contact-points/it","https://een.ec.europa.eu/local-contact-points/it","International business, investment, innovation and partnership outreach","https://een.ec.europa.eu/local-contact-points/it","official_directory","2026-10-04"
"CAMERA DI COMMERCIO INDUSTRIA ARTIGIANATO E AGRICOLTURA DI GENOVA","Enterprise Europe Network / Business Support","IT","https://een.ec.europa.eu/local-contact-points/it","https://een.ec.europa.eu/local-contact-points/it","International business, investment, innovation and partnership outreach","https://een.ec.europa.eu/local-contact-points/it","official_directory","2026-10-04"
"REGIONE LIGURIA","Enterprise Europe Network / Business Support","IT","https://een.ec.europa.eu/local-contact-points/it","https://een.ec.europa.eu/local-contact-points/it","International business, investment, innovation and partnership outreach","https://een.ec.europa.eu/local-contact-points/it","official_directory","2026-10-04"
"AZIENDA SPECIALE RIVIERE DI LIGURIA","Enterprise Europe Network / Business Support","IT","https://een.ec.europa.eu/local-contact-points/it","https://een.ec.europa.eu/local-contact-points/it","International business, investment, innovation and partnership outreach","https://een.ec.europa.eu/local-contact-points/it","official_directory","2026-10-04"
"CAMERA DI COMERCIO INDUSTRIA ARTIGIANATO E AGRICOLTURA GRAN SASSO D'ITALIA","Enterprise Europe Network / Business Support","IT","https://een.ec.europa.eu/local-contact-points/it","https://een.ec.europa.eu/local-contact-points/it","International business, investment, innovation and partnership outreach","https://een.ec.europa.eu/local-contact-points/it","official_directory","2026-10-04"
"UNIONE REGIONALE DELLE CAMERE DI COMMERCIO DELLA CALABRIA","Enterprise Europe Network / Business Support","IT","https://een.ec.europa.eu/local-contact-points/it","https://een.ec.europa.eu/local-contact-points/it","International business, investment, innovation and partnership outreach","https://een.ec.europa.eu/local-contact-points/it","official_directory","2026-10-04"
"UNIONE REGIONALE DELLE CAMERE DI COMMERCIO INDUSTRIA, ARTIGIANATO E AGRICOLTURA DEL VENETO","Enterprise Europe Network / Business Support","IT","https://een.ec.europa.eu/local-contact-points/it","https://een.ec.europa.eu/local-contact-points/it","International business, investment, innovation and partnership outreach","https://een.ec.europa.eu/local-contact-points/it","official_directory","2026-10-04"
"AZIENDA SPECIALE SVILUPPO ECONOMICO E TERRITORIALE DELLA BASILICATA","Enterprise Europe Network / Business Support","IT","https://een.ec.europa.eu/local-contact-points/it","https://een.ec.europa.eu/local-contact-points/it","International business, investment, innovation and partnership outreach","https://een.ec.europa.eu/local-contact-points/it","official_directory","2026-10-04"
"CONFINDUSTRIA VENETO SIAV SRL","Enterprise Europe Network / Business Support","IT","https://een.ec.europa.eu/local-contact-points/it","https://een.ec.europa.eu/local-contact-points/it","International business, investment, innovation and partnership outreach","https://een.ec.europa.eu/local-contact-points/it","official_directory","2026-10-04"
"AGENZIA ITALIANA PER L'INTERNAZIONALIZZAZIONE - PROMOS ITALIA SCRL","Enterprise Europe Network / Business Support","IT","https://een.ec.europa.eu/local-contact-points/it","https://een.ec.europa.eu/local-contact-points/it","International business, investment, innovation and partnership outreach","https://een.ec.europa.eu/local-contact-points/it","official_directory","2026-10-04"
"CONFINDUSTRIA LOMBARDIA","Enterprise Europe Network / Business Support","IT","https://een.ec.europa.eu/local-contact-points/it","https://een.ec.europa.eu/local-contact-points/it","International business, investment, innovation and partnership outreach","https://een.ec.europa.eu/local-contact-points/it","official_directory","2026-10-04"
"FAST - FEDERAZIONE DELLE ASSOCIAZIONI SCIENTIFICHE E TECNICHE","Enterprise Europe Network / Business Support","IT","https://een.ec.europa.eu/local-contact-points/it","https://een.ec.europa.eu/local-contact-points/it","International business, investment, innovation and partnership outreach","https://een.ec.europa.eu/local-contact-points/it","official_directory","2026-10-04"
"FINANZIARIA REGIONALE PER LO SVILUPPO DELLA LOMBARDIA (FINLOMBARDA)","Enterprise Europe Network / Business Support","IT","https://een.ec.europa.eu/local-contact-points/it","https://een.ec.europa.eu/local-contact-points/it","International business, investment, innovation and partnership outreach","https://een.ec.europa.eu/local-contact-points/it","official_directory","2026-10-04"
"INNOVHUB - STAZIONI SPERIMENTALI PER L'INDUSTRIA SRL","Enterprise Europe Network / Business Support","IT","https://een.ec.europa.eu/local-contact-points/it","https://een.ec.europa.eu/local-contact-points/it","International business, investment, innovation and partnership outreach","https://een.ec.europa.eu/local-contact-points/it","official_directory","2026-10-04"
"PROMOS ITALIA","Enterprise Europe Network / Business Support","IT","https://een.ec.europa.eu/local-contact-points/it","https://een.ec.europa.eu/local-contact-points/it","International business, investment, innovation and partnership outreach","https://een.ec.europa.eu/local-contact-points/it","official_directory","2026-10-04"
"S. I. IMPRESA (SERVIZI INTEGRATI IMPRESA)","Enterprise Europe Network / Business Support","IT","https://een.ec.europa.eu/local-contact-points/it","https://een.ec.europa.eu/local-contact-points/it","International business, investment, innovation and partnership outreach","https://een.ec.europa.eu/local-contact-points/it","official_directory","2026-10-04"
"UNIONCAMERE CAMPANIA","Enterprise Europe Network / Business Support","IT","https://een.ec.europa.eu/local-contact-points/it","https://een.ec.europa.eu/local-contact-points/it","International business, investment, innovation and partnership outreach","https://een.ec.europa.eu/local-contact-points/it","official_directory","2026-10-04"
"CONSIGLIO NAZIONALE DELLE RICERCHE","Enterprise Europe Network / Business Support","IT","https://een.ec.europa.eu/local-contact-points/it","https://een.ec.europa.eu/local-contact-points/it","International business, investment, innovation and partnership outreach","https://een.ec.europa.eu/local-contact-points/it","official_directory","2026-10-04"
"SICINDUSTRIA","Enterprise Europe Network / Business Support","IT","https://een.ec.europa.eu/local-contact-points/it","https://een.ec.europa.eu/local-contact-points/it","International business, investment, innovation and partnership outreach","https://een.ec.europa.eu/local-contact-points/it","official_directory","2026-10-04"
"Universita Degli Studi Di Palermo","Enterprise Europe Network / Business Support","IT","https://een.ec.europa.eu/local-contact-points/it","https://een.ec.europa.eu/local-contact-points/it","International business, investment, innovation and partnership outreach","https://een.ec.europa.eu/local-contact-points/it","official_directory","2026-10-04"
"CAMERA DI COMMERCIO DELL UMBRIA","Enterprise Europe Network / Business Support","IT","https://een.ec.europa.eu/local-contact-points/it","https://een.ec.europa.eu/local-contact-points/it","International business, investment, innovation and partnership outreach","https://een.ec.europa.eu/local-contact-points/it","official_directory","2026-10-04"
"ASSOCIAZIONE COMPAGNIA DELLE OPEREDI PESARO","Enterprise Europe Network / Business Support","IT","https://een.ec.europa.eu/local-contact-points/it","https://een.ec.europa.eu/local-contact-points/it","International business, investment, innovation and partnership outreach","https://een.ec.europa.eu/local-contact-points/it","official_directory","2026-10-04"
"SPIN - RICERCA INNOVAZIONE E TRASFERIMENTO TECNOLOGICO S.R.L.","Enterprise Europe Network / Business Support","IT","https://een.ec.europa.eu/local-contact-points/it","https://een.ec.europa.eu/local-contact-points/it","International business, investment, innovation and partnership outreach","https://een.ec.europa.eu/local-contact-points/it","official_directory","2026-10-04"
"CONFEDERAZIONE GENERALE ITALIANA DELLE IMPRESE, DELLE ATTIVITA PROFESSIONALI E DEL LAVORO AUTONOMO","Enterprise Europe Network / Business Support","IT","https://een.ec.europa.eu/local-contact-points/it","https://een.ec.europa.eu/local-contact-points/it","International business, investment, innovation and partnership outreach","https://een.ec.europa.eu/local-contact-points/it","official_directory","2026-10-04"
"SVILUPPO E TERRITORIO AZIENDA SPECIALE CCIAA DI ROMA","Enterprise Europe Network / Business Support","IT","https://een.ec.europa.eu/local-contact-points/it","https://een.ec.europa.eu/local-contact-points/it","International business, investment, innovation and partnership outreach","https://een.ec.europa.eu/local-contact-points/it","official_directory","2026-10-04"
"UNIVERSITA DEGLI STUDI DI ROMA TOR VERGATA","Enterprise Europe Network / Business Support","IT","https://een.ec.europa.eu/local-contact-points/it","https://een.ec.europa.eu/local-contact-points/it","International business, investment, innovation and partnership outreach","https://een.ec.europa.eu/local-contact-points/it","official_directory","2026-10-04"
"TRENTINO SVILUPPO SPA","Enterprise Europe Network / Business Support","IT","https://een.ec.europa.eu/local-contact-points/it","https://een.ec.europa.eu/local-contact-points/it","International business, investment, innovation and partnership outreach","https://een.ec.europa.eu/local-contact-points/it","official_directory","2026-10-04"
"Camera di commercio di Torino","Enterprise Europe Network / Business Support","IT","https://een.ec.europa.eu/local-contact-points/it","https://een.ec.europa.eu/local-contact-points/it","International business, investment, innovation and partnership outreach","https://een.ec.europa.eu/local-contact-points/it","official_directory","2026-10-04"
"CONFINDUSTRIA PIEMONTE","Enterprise Europe Network / Business Support","IT","https://een.ec.europa.eu/local-contact-points/it","https://een.ec.europa.eu/local-contact-points/it","International business, investment, innovation and partnership outreach","https://een.ec.europa.eu/local-contact-points/it","official_directory","2026-10-04"
"FONDAZIONE PIEMONTE INNOVA","Enterprise Europe Network / Business Support","IT","https://een.ec.europa.eu/local-contact-points/it","https://een.ec.europa.eu/local-contact-points/it","International business, investment, innovation and partnership outreach","https://een.ec.europa.eu/local-contact-points/it","official_directory","2026-10-04"
"AREA DI RICERCA SCIENTIFICA E TECNOLOGICA DI TRIESTE","Enterprise Europe Network / Business Support","IT","https://een.ec.europa.eu/local-contact-points/it","https://een.ec.europa.eu/local-contact-points/it","International business, investment, innovation and partnership outreach","https://een.ec.europa.eu/local-contact-points/it","official_directory","2026-10-04"
"ARIES SOCIETA CONSORTILE A RESPONSABILITA LIMITATA","Enterprise Europe Network / Business Support","IT","https://een.ec.europa.eu/local-contact-points/it","https://een.ec.europa.eu/local-contact-points/it","International business, investment, innovation and partnership outreach","https://een.ec.europa.eu/local-contact-points/it","official_directory","2026-10-04"
"CAMERA DI COMMERCIO INDUSTRIA ARTIGIANATO E AGRICOLTURA DI PORDENONE-UDINE","Enterprise Europe Network / Business Support","IT","https://een.ec.europa.eu/local-contact-points/it","https://een.ec.europa.eu/local-contact-points/it","International business, investment, innovation and partnership outreach","https://een.ec.europa.eu/local-contact-points/it","official_directory","2026-10-04"
"TERRITORIO ECONOMIA FUTURO SOCIETA CONSORTILE A RESPONSABILITA LIMITATA","Enterprise Europe Network / Business Support","IT","https://een.ec.europa.eu/local-contact-points/it","https://een.ec.europa.eu/local-contact-points/it","International business, investment, innovation and partnership outreach","https://een.ec.europa.eu/local-contact-points/it","official_directory","2026-10-04"
"INFORMEST CONSULTING SRL","Enterprise Europe Network / Business Support","IT","https://een.ec.europa.eu/local-contact-points/it","https://een.ec.europa.eu/local-contact-points/it","International business, investment, innovation and partnership outreach","https://een.ec.europa.eu/local-contact-points/it","official_directory","2026-10-04"
"CONFINDUSTRIA VENETO","Enterprise Europe Network / Business Support","IT","https://een.ec.europa.eu/local-contact-points/it","https://een.ec.europa.eu/local-contact-points/it","International business, investment, innovation and partnership outreach","https://een.ec.europa.eu/local-contact-points/it","official_directory","2026-10-04"
"SMACT scpa","Enterprise Europe Network / Business Support","IT","https://een.ec.europa.eu/local-contact-points/it","https://een.ec.europa.eu/local-contact-points/it","International business, investment, innovation and partnership outreach","https://een.ec.europa.eu/local-contact-points/it","official_directory","2026-10-04"
"VENETO INNOVAZIONE SPA","Enterprise Europe Network / Business Support","IT","https://een.ec.europa.eu/local-contact-points/it","https://een.ec.europa.eu/local-contact-points/it","International business, investment, innovation and partnership outreach","https://een.ec.europa.eu/local-contact-points/it","official_directory","2026-10-04"
"CONFEDERACION DE EMPRESARIOS DE ALBACETE","Enterprise Europe Network / Business Support","ES","https://een.ec.europa.eu/local-contact-points/es","https://een.ec.europa.eu/local-contact-points/es","International business, investment, innovation and partnership outreach","https://een.ec.europa.eu/local-contact-points/es","official_directory","2026-10-04"
"UNIVERSIDAD DE CASTILLA - LA MANCHA","Enterprise Europe Network / Business Support","ES","https://een.ec.europa.eu/local-contact-points/es","https://een.ec.europa.eu/local-contact-points/es","International business, investment, innovation and partnership outreach","https://een.ec.europa.eu/local-contact-points/es","official_directory","2026-10-04"
"ASOCIACION DE EMPRESARIOS DEL HENARES","Enterprise Europe Network / Business Support","ES","https://een.ec.europa.eu/local-contact-points/es","https://een.ec.europa.eu/local-contact-points/es","International business, investment, innovation and partnership outreach","https://een.ec.europa.eu/local-contact-points/es","official_directory","2026-10-04"
"CAMARA OFICIAL DE COMERCIO, INDUSTRIA, SERVICIOS Y NAVEGACION DE ALICANTE","Enterprise Europe Network / Business Support","ES","https://een.ec.europa.eu/local-contact-points/es","https://een.ec.europa.eu/local-contact-points/es","International business, investment, innovation and partnership outreach","https://een.ec.europa.eu/local-contact-points/es","official_directory","2026-10-04"
"CONSEJO DE CAMARAS OFICIALES DE COMERCIO, INDUSTRIA Y NAVIGACION DE LA COMUNIDAD VALENCIANA","Enterprise Europe Network / Business Support","ES","https://een.ec.europa.eu/local-contact-points/es","https://een.ec.europa.eu/local-contact-points/es","International business, investment, innovation and partnership outreach","https://een.ec.europa.eu/local-contact-points/es","official_directory","2026-10-04"
"UNIVERSIDAD DE ALICANTE","Enterprise Europe Network / Business Support","ES","https://een.ec.europa.eu/local-contact-points/es","https://een.ec.europa.eu/local-contact-points/es","International business, investment, innovation and partnership outreach","https://een.ec.europa.eu/local-contact-points/es","official_directory","2026-10-04"
"CONFEDERACION DE EMPRESARIOS DE ANDALUCIA","Enterprise Europe Network / Business Support","ES","https://een.ec.europa.eu/local-contact-points/es","https://een.ec.europa.eu/local-contact-points/es","International business, investment, innovation and partnership outreach","https://een.ec.europa.eu/local-contact-points/es","official_directory","2026-10-04"
"Camara Oficial de Comercio, Industria, Servicios y Navegacion de Lanzarote y La Graciosa","Enterprise Europe Network / Business Support","ES","https://een.ec.europa.eu/local-contact-points/es","https://een.ec.europa.eu/local-contact-points/es","International business, investment, innovation and partnership outreach","https://een.ec.europa.eu/local-contact-points/es","official_directory","2026-10-04"
"INSTITUTO PARA LA COMPETITIVIDAD EMPRESARIAL DE CASTILLA Y LEON","Enterprise Europe Network / Business Support","ES","https://een.ec.europa.eu/local-contact-points/es","https://een.ec.europa.eu/local-contact-points/es","International business, investment, innovation and partnership outreach","https://een.ec.europa.eu/local-contact-points/es","official_directory","2026-10-04"
"FUNDACION FUNDECYT - PARQUE CIENTIFICO Y TECNOLOGICO DE EXTREMADURA","Enterprise Europe Network / Business Support","ES","https://een.ec.europa.eu/local-contact-points/es","https://een.ec.europa.eu/local-contact-points/es","International business, investment, innovation and partnership outreach","https://een.ec.europa.eu/local-contact-points/es","official_directory","2026-10-04"
"AGENCIA PER A LA COMPETITIVITAT DE LA EMPRESA","Enterprise Europe Network / Business Support","ES","https://een.ec.europa.eu/local-contact-points/es","https://een.ec.europa.eu/local-contact-points/es","International business, investment, innovation and partnership outreach","https://een.ec.europa.eu/local-contact-points/es","official_directory","2026-10-04"
"CAMBRA OFICIAL DE COMERC INDUSTRIA I NAVEGACIO DE BARCELONA","Enterprise Europe Network / Business Support","ES","https://een.ec.europa.eu/local-contact-points/es","https://een.ec.europa.eu/local-contact-points/es","International business, investment, innovation and partnership outreach","https://een.ec.europa.eu/local-contact-points/es","official_directory","2026-10-04"
"CONSELL GENERAL DE LES CAMBRES OFICIALS DE COMERC INDUSTRIA I NAVEGACIO DE CATALUNYA","Enterprise Europe Network / Business Support","ES","https://een.ec.europa.eu/local-contact-points/es","https://een.ec.europa.eu/local-contact-points/es","International business, investment, innovation and partnership outreach","https://een.ec.europa.eu/local-contact-points/es","official_directory","2026-10-04"
"AGENCIA VASCA DE INTERNACIONALIZACION - BASQUE TRADE AND INVESTMENT SA","Enterprise Europe Network / Business Support","ES","https://een.ec.europa.eu/local-contact-points/es","https://een.ec.europa.eu/local-contact-points/es","International business, investment, innovation and partnership outreach","https://een.ec.europa.eu/local-contact-points/es","official_directory","2026-10-04"
"CAMARA DE COMERCIO, INDUSTRIA Y NAVEGACION DE BILBAO","Enterprise Europe Network / Business Support","ES","https://een.ec.europa.eu/local-contact-points/es","https://een.ec.europa.eu/local-contact-points/es","International business, investment, innovation and partnership outreach","https://een.ec.europa.eu/local-contact-points/es","official_directory","2026-10-04"
"SPRI- AGENCIA VASCA DE DESARROLLO EMPRESARIAL","Enterprise Europe Network / Business Support","ES","https://een.ec.europa.eu/local-contact-points/es","https://een.ec.europa.eu/local-contact-points/es","International business, investment, innovation and partnership outreach","https://een.ec.europa.eu/local-contact-points/es","official_directory","2026-10-04"
"ASOCIACION CENTRO EUROPEO DE EMPRESAS E INNOVACION DE CASTELLON","Enterprise Europe Network / Business Support","ES","https://een.ec.europa.eu/local-contact-points/es","https://een.ec.europa.eu/local-contact-points/es","International business, investment, innovation and partnership outreach","https://een.ec.europa.eu/local-contact-points/es","official_directory","2026-10-04"
"Camara Oficial de Comercio, Industria, Servicios y Navegacion de Castellon","Enterprise Europe Network / Business Support","ES","https://een.ec.europa.eu/local-contact-points/es","https://een.ec.europa.eu/local-contact-points/es","International business, investment, innovation and partnership outreach","https://een.ec.europa.eu/local-contact-points/es","official_directory","2026-10-04"
"INSTITUTO VALENCIANO DE LA COMPETITIVIDAD EMPRESARIAL","Enterprise Europe Network / Business Support","ES","https://een.ec.europa.eu/local-contact-points/es","https://een.ec.europa.eu/local-contact-points/es","International business, investment, innovation and partnership outreach","https://een.ec.europa.eu/local-contact-points/es","official_directory","2026-10-04"
"ASOCIACION DE LA INDUSTRIA NAVARRA","Enterprise Europe Network / Business Support","ES","https://een.ec.europa.eu/local-contact-points/es","https://een.ec.europa.eu/local-contact-points/es","International business, investment, innovation and partnership outreach","https://een.ec.europa.eu/local-contact-points/es","official_directory","2026-10-04"
"AGENCIA EMPRESARIAL PARA LA TRANSFORMACION Y EL DESARROLLO ECONOMICO","Enterprise Europe Network / Business Support","ES","https://een.ec.europa.eu/local-contact-points/es","https://een.ec.europa.eu/local-contact-points/es","International business, investment, innovation and partnership outreach","https://een.ec.europa.eu/local-contact-points/es","official_directory","2026-10-04"
"COMUNIDAD AUTONOMA DE CANARIAS","Enterprise Europe Network / Business Support","ES","https://een.ec.europa.eu/local-contact-points/es","https://een.ec.europa.eu/local-contact-points/es","International business, investment, innovation and partnership outreach","https://een.ec.europa.eu/local-contact-points/es","official_directory","2026-10-04"
"INSTITUTO TECNOLOGICO DE CANARIAS,S.A.","Enterprise Europe Network / Business Support","ES","https://een.ec.europa.eu/local-contact-points/es","https://een.ec.europa.eu/local-contact-points/es","International business, investment, innovation and partnership outreach","https://een.ec.europa.eu/local-contact-points/es","official_directory","2026-10-04"
"SOCIEDAD CANARIA DE FOMENTO ECONOMICO SA","Enterprise Europe Network / Business Support","ES","https://een.ec.europa.eu/local-contact-points/es","https://een.ec.europa.eu/local-contact-points/es","International business, investment, innovation and partnership outreach","https://een.ec.europa.eu/local-contact-points/es","official_directory","2026-10-04"
"CREANDO REDES-NATCAP SL","Enterprise Europe Network / Business Support","ES","https://een.ec.europa.eu/local-contact-points/es","https://een.ec.europa.eu/local-contact-points/es","International business, investment, innovation and partnership outreach","https://een.ec.europa.eu/local-contact-points/es","official_directory","2026-10-04"
"SOCIEDAD DE PROMOCION EXTERIOR PRINCIPADO DE ASTURIAS","Enterprise Europe Network / Business Support","ES","https://een.ec.europa.eu/local-contact-points/es","https://een.ec.europa.eu/local-contact-points/es","International business, investment, innovation and partnership outreach","https://een.ec.europa.eu/local-contact-points/es","official_directory","2026-10-04"
"AGENCIA DE DESARROLLO ECONOMICO DE LA RIOJA","Enterprise Europe Network / Business Support","ES","https://een.ec.europa.eu/local-contact-points/es","https://een.ec.europa.eu/local-contact-points/es","International business, investment, innovation and partnership outreach","https://een.ec.europa.eu/local-contact-points/es","official_directory","2026-10-04"
"FEDERACION DE EMPRESAS DE LA RIOJA","Enterprise Europe Network / Business Support","ES","https://een.ec.europa.eu/local-contact-points/es","https://een.ec.europa.eu/local-contact-points/es","International business, investment, innovation and partnership outreach","https://een.ec.europa.eu/local-contact-points/es","official_directory","2026-10-04"
"ASOCIACION DE EMPRESARIOS DEL COMERCIO E INDUSTRIA DEL METAL DE MADRID","Enterprise Europe Network / Business Support","ES","https://een.ec.europa.eu/local-contact-points/es","https://een.ec.europa.eu/local-contact-points/es","International business, investment, innovation and partnership outreach","https://een.ec.europa.eu/local-contact-points/es","official_directory","2026-10-04"
"CAMARA OFICIAL DE COMERCIO, INDUSTRIA Y SERVICIOS DE MADRID","Enterprise Europe Network / Business Support","ES","https://een.ec.europa.eu/local-contact-points/es","https://een.ec.europa.eu/local-contact-points/es","International business, investment, innovation and partnership outreach","https://een.ec.europa.eu/local-contact-points/es","official_directory","2026-10-04"
"FUNDACION PARA EL CONOCIMIENTO MADRIMASD","Enterprise Europe Network / Business Support","ES","https://een.ec.europa.eu/local-contact-points/es","https://een.ec.europa.eu/local-contact-points/es","International business, investment, innovation and partnership outreach","https://een.ec.europa.eu/local-contact-points/es","official_directory","2026-10-04"
"FUNDACION PARQUE CIENTIFICO DE MADRID-FPCM","Enterprise Europe Network / Business Support","ES","https://een.ec.europa.eu/local-contact-points/es","https://een.ec.europa.eu/local-contact-points/es","International business, investment, innovation and partnership outreach","https://een.ec.europa.eu/local-contact-points/es","official_directory","2026-10-04"
"MADRID NETWORK ASOCIACION","Enterprise Europe Network / Business Support","ES","https://een.ec.europa.eu/local-contact-points/es","https://een.ec.europa.eu/local-contact-points/es","International business, investment, innovation and partnership outreach","https://een.ec.europa.eu/local-contact-points/es","official_directory","2026-10-04"
"CONSORCIO CIENTIFICO-TECNOLOGICO VASCO BASQUE RESEARCH AND TECHNOLOGY ALLIANCE","Enterprise Europe Network / Business Support","ES","https://een.ec.europa.eu/local-contact-points/es","https://een.ec.europa.eu/local-contact-points/es","International business, investment, innovation and partnership outreach","https://een.ec.europa.eu/local-contact-points/es","official_directory","2026-10-04"
"INSTITUTO DE FOMENTO DE LA REGION DE MURCIA","Enterprise Europe Network / Business Support","ES","https://een.ec.europa.eu/local-contact-points/es","https://een.ec.europa.eu/local-contact-points/es","International business, investment, innovation and partnership outreach","https://een.ec.europa.eu/local-contact-points/es","official_directory","2026-10-04"
"FEDERACION ASTURIANA DE EMPRESARIOS","Enterprise Europe Network / Business Support","ES","https://een.ec.europa.eu/local-contact-points/es","https://een.ec.europa.eu/local-contact-points/es","International business, investment, innovation and partnership outreach","https://een.ec.europa.eu/local-contact-points/es","official_directory","2026-10-04"
"FUNDACION PARA EL FOMENTO EN ASTURIAS DE LA INVESTIGACION CIENTIFICA APLICADA Y TECNOLOGIA","Enterprise Europe Network / Business Support","ES","https://een.ec.europa.eu/local-contact-points/es","https://een.ec.europa.eu/local-contact-points/es","International business, investment, innovation and partnership outreach","https://een.ec.europa.eu/local-contact-points/es","official_directory","2026-10-04"
"FUNDACIO UNIVERSITAT EMPRESA DE LESILLES BALEARS","Enterprise Europe Network / Business Support","ES","https://een.ec.europa.eu/local-contact-points/es","https://een.ec.europa.eu/local-contact-points/es","International business, investment, innovation and partnership outreach","https://een.ec.europa.eu/local-contact-points/es","official_directory","2026-10-04"
"FUNDACIO BALEAR D'INNOVACIO I TECNOLOGIA","Enterprise Europe Network / Business Support","ES","https://een.ec.europa.eu/local-contact-points/es","https://een.ec.europa.eu/local-contact-points/es","International business, investment, innovation and partnership outreach","https://een.ec.europa.eu/local-contact-points/es","official_directory","2026-10-04"
"CAMARA OFICIAL DE COMERCIO INDUSTRIA Y NAVIGACION DE GRAN CANARIA","Enterprise Europe Network / Business Support","ES","https://een.ec.europa.eu/local-contact-points/es","https://een.ec.europa.eu/local-contact-points/es","International business, investment, innovation and partnership outreach","https://een.ec.europa.eu/local-contact-points/es","official_directory","2026-10-04"
"CAMARA OFICIAL DE COMERCIO E INDUSTRIA DE NAVARRA","Enterprise Europe Network / Business Support","ES","https://een.ec.europa.eu/local-contact-points/es","https://een.ec.europa.eu/local-contact-points/es","International business, investment, innovation and partnership outreach","https://een.ec.europa.eu/local-contact-points/es","official_directory","2026-10-04"
"RED DE INSTITUTOS TECNOLOGICOS DE LA COMUNIDAD VALENCIANA REDIT ASOCIACION","Enterprise Europe Network / Business Support","ES","https://een.ec.europa.eu/local-contact-points/es","https://een.ec.europa.eu/local-contact-points/es","International business, investment, innovation and partnership outreach","https://een.ec.europa.eu/local-contact-points/es","official_directory","2026-10-04"
"Camara Oficial de Comercio, Industria, Servicios y Navegacion de Fuerteventura","Enterprise Europe Network / Business Support","ES","https://een.ec.europa.eu/local-contact-points/es","https://een.ec.europa.eu/local-contact-points/es","International business, investment, innovation and partnership outreach","https://een.ec.europa.eu/local-contact-points/es","official_directory","2026-10-04"
"CAMARA OFICIAL DE COMERCIO, INDUSTRIA Y NAVEGACION DE GIPUZKOA","Enterprise Europe Network / Business Support","ES","https://een.ec.europa.eu/local-contact-points/es","https://een.ec.europa.eu/local-contact-points/es","International business, investment, innovation and partnership outreach","https://een.ec.europa.eu/local-contact-points/es","official_directory","2026-10-04"
"CAMARA OFICIAL DE COMERCIO,INDUSTRIA, SERVICIOS Y NAVEGACION DE SANTACRUZ DE TENERIFE","Enterprise Europe Network / Business Support","ES","https://een.ec.europa.eu/local-contact-points/es","https://een.ec.europa.eu/local-contact-points/es","International business, investment, innovation and partnership outreach","https://een.ec.europa.eu/local-contact-points/es","official_directory","2026-10-04"
"CAMARA OFICIAL DE COMERCIO INDUSTRIA Y NAVEGACION DE CANTABRIA","Enterprise Europe Network / Business Support","ES","https://een.ec.europa.eu/local-contact-points/es","https://een.ec.europa.eu/local-contact-points/es","International business, investment, innovation and partnership outreach","https://een.ec.europa.eu/local-contact-points/es","official_directory","2026-10-04"
"FUNDACION SERVICIOS EMPRESARIALES CEOE-CEPYME CANTABRIA","Enterprise Europe Network / Business Support","ES","https://een.ec.europa.eu/local-contact-points/es","https://een.ec.europa.eu/local-contact-points/es","International business, investment, innovation and partnership outreach","https://een.ec.europa.eu/local-contact-points/es","official_directory","2026-10-04"
"SOCIEDAD PARA EL DESARROLLO REGIONAL DE CANTABRIA SA","Enterprise Europe Network / Business Support","ES","https://een.ec.europa.eu/local-contact-points/es","https://een.ec.europa.eu/local-contact-points/es","International business, investment, innovation and partnership outreach","https://een.ec.europa.eu/local-contact-points/es","official_directory","2026-10-04"
"AXENCIA GALEGA DE INNOVACION","Enterprise Europe Network / Business Support","ES","https://een.ec.europa.eu/local-contact-points/es","https://een.ec.europa.eu/local-contact-points/es","International business, investment, innovation and partnership outreach","https://een.ec.europa.eu/local-contact-points/es","official_directory","2026-10-04"
"CONFEDERACION DE EMPRESARIOS DE GALICIA","Enterprise Europe Network / Business Support","ES","https://een.ec.europa.eu/local-contact-points/es","https://een.ec.europa.eu/local-contact-points/es","International business, investment, innovation and partnership outreach","https://een.ec.europa.eu/local-contact-points/es","official_directory","2026-10-04"
"CONSEJO ANDALUZ DE CAMARAS DE COMERCIO INDUSTRIA Y NAVEGACION","Enterprise Europe Network / Business Support","ES","https://een.ec.europa.eu/local-contact-points/es","https://een.ec.europa.eu/local-contact-points/es","International business, investment, innovation and partnership outreach","https://een.ec.europa.eu/local-contact-points/es","official_directory","2026-10-04"
"CAMARA DE COMERCIO, INDUSTRIA Y SERVICIOS DE TOLEDO","Enterprise Europe Network / Business Support","ES","https://een.ec.europa.eu/local-contact-points/es","https://een.ec.europa.eu/local-contact-points/es","International business, investment, innovation and partnership outreach","https://een.ec.europa.eu/local-contact-points/es","official_directory","2026-10-04"
"FUNDACION COMUNIDAD VALENCIANA REGION EUROPEA","Enterprise Europe Network / Business Support","ES","https://een.ec.europa.eu/local-contact-points/es","https://een.ec.europa.eu/local-contact-points/es","International business, investment, innovation and partnership outreach","https://een.ec.europa.eu/local-contact-points/es","official_directory","2026-10-04"
"CONFEDERACION EMPRESARIAL DE LA COMUNITAT VALENCIANA","Enterprise Europe Network / Business Support","ES","https://een.ec.europa.eu/local-contact-points/es","https://een.ec.europa.eu/local-contact-points/es","International business, investment, innovation and partnership outreach","https://een.ec.europa.eu/local-contact-points/es","official_directory","2026-10-04"
"CENTRO EUROPEO DE EMPRESAS E INNOVACION DE VALENCIA","Enterprise Europe Network / Business Support","ES","https://een.ec.europa.eu/local-contact-points/es","https://een.ec.europa.eu/local-contact-points/es","International business, investment, innovation and partnership outreach","https://een.ec.europa.eu/local-contact-points/es","official_directory","2026-10-04"
"CAMARA OFICIAL DE COMERCIO INDUSTRIA, SERVICIOS Y NAVEGACION DE VALENCIA","Enterprise Europe Network / Business Support","ES","https://een.ec.europa.eu/local-contact-points/es","https://een.ec.europa.eu/local-contact-points/es","International business, investment, innovation and partnership outreach","https://een.ec.europa.eu/local-contact-points/es","official_directory","2026-10-04"
"CHAMBER OF COMMERCE AND INDUSTRY OF ALAVA","Enterprise Europe Network / Business Support","ES","https://een.ec.europa.eu/local-contact-points/es","https://een.ec.europa.eu/local-contact-points/es","International business, investment, innovation and partnership outreach","https://een.ec.europa.eu/local-contact-points/es","official_directory","2026-10-04"
"INNOBASQUE AGENCIA VASCA DE LA INNOVACION / INNOBASQUE BERRIKUNTZARENEUSKAL AGENTZIA","Enterprise Europe Network / Business Support","ES","https://een.ec.europa.eu/local-contact-points/es","https://een.ec.europa.eu/local-contact-points/es","International business, investment, innovation and partnership outreach","https://een.ec.europa.eu/local-contact-points/es","official_directory","2026-10-04"
"CONFEDERACION DE EMPRESARIOS DE ARAGON","Enterprise Europe Network / Business Support","ES","https://een.ec.europa.eu/local-contact-points/es","https://een.ec.europa.eu/local-contact-points/es","International business, investment, innovation and partnership outreach","https://een.ec.europa.eu/local-contact-points/es","official_directory","2026-10-04"
"INSTITUTO TECNOLOGICO DE ARAGON","Enterprise Europe Network / Business Support","ES","https://een.ec.europa.eu/local-contact-points/es","https://een.ec.europa.eu/local-contact-points/es","International business, investment, innovation and partnership outreach","https://een.ec.europa.eu/local-contact-points/es","official_directory","2026-10-04"
"ONTWIKKELINGSMAATSCHAPPIJ OOST NEDERLAND NV","Enterprise Europe Network / Business Support","NL","https://een.ec.europa.eu/local-contact-points/nl","https://een.ec.europa.eu/local-contact-points/nl","International business, investment, innovation and partnership outreach","https://een.ec.europa.eu/local-contact-points/nl","official_directory","2026-10-04"
"Stichting Hanzehogeschool Groningen","Enterprise Europe Network / Business Support","NL","https://een.ec.europa.eu/local-contact-points/nl","https://een.ec.europa.eu/local-contact-points/nl","International business, investment, innovation and partnership outreach","https://een.ec.europa.eu/local-contact-points/nl","official_directory","2026-10-04"
"STICHTING NEW ENERGY COALITION","Enterprise Europe Network / Business Support","NL","https://een.ec.europa.eu/local-contact-points/nl","https://een.ec.europa.eu/local-contact-points/nl","International business, investment, innovation and partnership outreach","https://een.ec.europa.eu/local-contact-points/nl","official_directory","2026-10-04"
"STICHTING WATER ALLIANCE","Enterprise Europe Network / Business Support","NL","https://een.ec.europa.eu/local-contact-points/nl","https://een.ec.europa.eu/local-contact-points/nl","International business, investment, innovation and partnership outreach","https://een.ec.europa.eu/local-contact-points/nl","official_directory","2026-10-04"
"STICHTING BUSINESS DEVELOPMENT FRIESLAND","Enterprise Europe Network / Business Support","NL","https://een.ec.europa.eu/local-contact-points/nl","https://een.ec.europa.eu/local-contact-points/nl","International business, investment, innovation and partnership outreach","https://een.ec.europa.eu/local-contact-points/nl","official_directory","2026-10-04"
"HORIZON BV","Enterprise Europe Network / Business Support","NL","https://een.ec.europa.eu/local-contact-points/nl","https://een.ec.europa.eu/local-contact-points/nl","International business, investment, innovation and partnership outreach","https://een.ec.europa.eu/local-contact-points/nl","official_directory","2026-10-04"
"N.V. LIMBURGS INSTITUUT VOOR ONTWIKKELING EN FINANCIERING( LIOF )","Enterprise Europe Network / Business Support","NL","https://een.ec.europa.eu/local-contact-points/nl","https://een.ec.europa.eu/local-contact-points/nl","International business, investment, innovation and partnership outreach","https://een.ec.europa.eu/local-contact-points/nl","official_directory","2026-10-04"
"MINISTERIE VAN ECONOMISCHE ZAKEN","Enterprise Europe Network / Business Support","NL","https://een.ec.europa.eu/local-contact-points/nl","https://een.ec.europa.eu/local-contact-points/nl","International business, investment, innovation and partnership outreach","https://een.ec.europa.eu/local-contact-points/nl","official_directory","2026-10-04"
"REGIONALE ONTWIKKELINGSMAATSCHAPPIJINNOVATIONQUARTER BV","Enterprise Europe Network / Business Support","NL","https://een.ec.europa.eu/local-contact-points/nl","https://een.ec.europa.eu/local-contact-points/nl","International business, investment, innovation and partnership outreach","https://een.ec.europa.eu/local-contact-points/nl","official_directory","2026-10-04"
"BRABANTSE ONTWIKKELINGS MAATSCHAPPIJ hOLDING BV","Enterprise Europe Network / Business Support","NL","https://een.ec.europa.eu/local-contact-points/nl","https://een.ec.europa.eu/local-contact-points/nl","International business, investment, innovation and partnership outreach","https://een.ec.europa.eu/local-contact-points/nl","official_directory","2026-10-04"
"ROM REGIO UTRECHT BV","Enterprise Europe Network / Business Support","NL","https://een.ec.europa.eu/local-contact-points/nl","https://een.ec.europa.eu/local-contact-points/nl","International business, investment, innovation and partnership outreach","https://een.ec.europa.eu/local-contact-points/nl","official_directory","2026-10-04"
"Impuls Zeeland","Enterprise Europe Network / Business Support","NL","https://een.ec.europa.eu/local-contact-points/nl","https://een.ec.europa.eu/local-contact-points/nl","International business, investment, innovation and partnership outreach","https://een.ec.europa.eu/local-contact-points/nl","official_directory","2026-10-04"
"VLAAMSE GEWEST","Enterprise Europe Network / Business Support","BE","https://een.ec.europa.eu/local-contact-points/be","https://een.ec.europa.eu/local-contact-points/be","International business, investment, innovation and partnership outreach","https://een.ec.europa.eu/local-contact-points/be","official_directory","2026-10-04"
"VLAAMS AGENTSCHAP VOOR INTERNATIONAAL ONDERNEMEN","Enterprise Europe Network / Business Support","BE","https://een.ec.europa.eu/local-contact-points/be","https://een.ec.europa.eu/local-contact-points/be","International business, investment, innovation and partnership outreach","https://een.ec.europa.eu/local-contact-points/be","official_directory","2026-10-04"
"CHAMBRE DE COMMERCE ET D'INDUSTRIE DE BRUXELLES ASBL","Enterprise Europe Network / Business Support","BE","https://een.ec.europa.eu/local-contact-points/be","https://een.ec.europa.eu/local-contact-points/be","International business, investment, innovation and partnership outreach","https://een.ec.europa.eu/local-contact-points/be","official_directory","2026-10-04"
"AGENCE BRUXELLOISE POUR L'ACCOMPAGNEMENT DE L'ENTREPRISE","Enterprise Europe Network / Business Support","BE","https://een.ec.europa.eu/local-contact-points/be","https://een.ec.europa.eu/local-contact-points/be","International business, investment, innovation and partnership outreach","https://een.ec.europa.eu/local-contact-points/be","official_directory","2026-10-04"
"WALLONIE BRUXELLES INTERNATIONAL","Enterprise Europe Network / Business Support","BE","https://een.ec.europa.eu/local-contact-points/be","https://een.ec.europa.eu/local-contact-points/be","International business, investment, innovation and partnership outreach","https://een.ec.europa.eu/local-contact-points/be","official_directory","2026-10-04"
"AGENCE WALLONNE A L EXPORTATION ET AUX INVESTISSEMENTS ETRANGERS","Enterprise Europe Network / Business Support","BE","https://een.ec.europa.eu/local-contact-points/be","https://een.ec.europa.eu/local-contact-points/be","International business, investment, innovation and partnership outreach","https://een.ec.europa.eu/local-contact-points/be","official_directory","2026-10-04"
"WALLONIE ENTREPRENDRE","Enterprise Europe Network / Business Support","BE","https://een.ec.europa.eu/local-contact-points/be","https://een.ec.europa.eu/local-contact-points/be","International business, investment, innovation and partnership outreach","https://een.ec.europa.eu/local-contact-points/be","official_directory","2026-10-04"
"PODLASKA FUNDACJA ROZWOJU REGIONALNEGO","Enterprise Europe Network / Business Support","PL","https://een.ec.europa.eu/local-contact-points/pl","https://een.ec.europa.eu/local-contact-points/pl","International business, investment, innovation and partnership outreach","https://een.ec.europa.eu/local-contact-points/pl","official_directory","2026-10-04"
"WOLNA PRZEDSIEBIORCZOSC ODDZIAL TERENOWY W GDANSKU","Enterprise Europe Network / Business Support","PL","https://een.ec.europa.eu/local-contact-points/pl","https://een.ec.europa.eu/local-contact-points/pl","International business, investment, innovation and partnership outreach","https://een.ec.europa.eu/local-contact-points/pl","official_directory","2026-10-04"
"GORNOSLASKI AKCELERATOR PRZEDSIEBIORCZOSCI RYNKOWEJ SP Z O.O.","Enterprise Europe Network / Business Support","PL","https://een.ec.europa.eu/local-contact-points/pl","https://een.ec.europa.eu/local-contact-points/pl","International business, investment, innovation and partnership outreach","https://een.ec.europa.eu/local-contact-points/pl","official_directory","2026-10-04"
"FUNDACJA KALISKI INKUBATOR PRZEDSIĘBIORCZOŚCI","Enterprise Europe Network / Business Support","PL","https://een.ec.europa.eu/local-contact-points/pl","https://een.ec.europa.eu/local-contact-points/pl","International business, investment, innovation and partnership outreach","https://een.ec.europa.eu/local-contact-points/pl","official_directory","2026-10-04"
"FUNDUSZ GORNOSLASKI SPOLKA AKCYJNA","Enterprise Europe Network / Business Support","PL","https://een.ec.europa.eu/local-contact-points/pl","https://een.ec.europa.eu/local-contact-points/pl","International business, investment, innovation and partnership outreach","https://een.ec.europa.eu/local-contact-points/pl","official_directory","2026-10-04"
"STAROPOLSKA IZBA PRZEMYSLOWO-HANDLOWA","Enterprise Europe Network / Business Support","PL","https://een.ec.europa.eu/local-contact-points/pl","https://een.ec.europa.eu/local-contact-points/pl","International business, investment, innovation and partnership outreach","https://een.ec.europa.eu/local-contact-points/pl","official_directory","2026-10-04"
"SWIETOKRZYSKIE CENTRUM INNOWACJI ITRANSFERU TECHNOLOGII SP(ZOO)","Enterprise Europe Network / Business Support","PL","https://een.ec.europa.eu/local-contact-points/pl","https://een.ec.europa.eu/local-contact-points/pl","International business, investment, innovation and partnership outreach","https://een.ec.europa.eu/local-contact-points/pl","official_directory","2026-10-04"
"AGENCJA ROZWOJU REGIONALNEGO SPOLKA AKCYJNA W KONINIE","Enterprise Europe Network / Business Support","PL","https://een.ec.europa.eu/local-contact-points/pl","https://een.ec.europa.eu/local-contact-points/pl","International business, investment, innovation and partnership outreach","https://een.ec.europa.eu/local-contact-points/pl","official_directory","2026-10-04"
"IZBA PRZEMYSLOWO - HANDLOWA W KRAKOWIE","Enterprise Europe Network / Business Support","PL","https://een.ec.europa.eu/local-contact-points/pl","https://een.ec.europa.eu/local-contact-points/pl","International business, investment, innovation and partnership outreach","https://een.ec.europa.eu/local-contact-points/pl","official_directory","2026-10-04"
"POLITECHNIKA KRAKOWSKA","Enterprise Europe Network / Business Support","PL","https://een.ec.europa.eu/local-contact-points/pl","https://een.ec.europa.eu/local-contact-points/pl","International business, investment, innovation and partnership outreach","https://een.ec.europa.eu/local-contact-points/pl","official_directory","2026-10-04"
"FUNDACJA ROZWOJU PRZEDSIEBIORCZOSCI","Enterprise Europe Network / Business Support","PL","https://een.ec.europa.eu/local-contact-points/pl","https://een.ec.europa.eu/local-contact-points/pl","International business, investment, innovation and partnership outreach","https://een.ec.europa.eu/local-contact-points/pl","official_directory","2026-10-04"
"LUBELSKA FUNDACJA ROZWOJU","Enterprise Europe Network / Business Support","PL","https://een.ec.europa.eu/local-contact-points/pl","https://een.ec.europa.eu/local-contact-points/pl","International business, investment, innovation and partnership outreach","https://een.ec.europa.eu/local-contact-points/pl","official_directory","2026-10-04"
"POLITECHNIKA LUBELSKA","Enterprise Europe Network / Business Support","PL","https://een.ec.europa.eu/local-contact-points/pl","https://een.ec.europa.eu/local-contact-points/pl","International business, investment, innovation and partnership outreach","https://een.ec.europa.eu/local-contact-points/pl","official_directory","2026-10-04"
"WARMINSKO-MAZURSKA AGENCJA ROZWOJUREGIONALNEGO SPOLKA AKCYJNA W OLSZTYNIE","Enterprise Europe Network / Business Support","PL","https://een.ec.europa.eu/local-contact-points/pl","https://een.ec.europa.eu/local-contact-points/pl","International business, investment, innovation and partnership outreach","https://een.ec.europa.eu/local-contact-points/pl","official_directory","2026-10-04"
"UNIWERSYTET WARMINSKO MAZURSKI W OLSZTYNIE","Enterprise Europe Network / Business Support","PL","https://een.ec.europa.eu/local-contact-points/pl","https://een.ec.europa.eu/local-contact-points/pl","International business, investment, innovation and partnership outreach","https://een.ec.europa.eu/local-contact-points/pl","official_directory","2026-10-04"
"Poznan Science and Technology Park","Enterprise Europe Network / Business Support","PL","https://een.ec.europa.eu/local-contact-points/pl","https://een.ec.europa.eu/local-contact-points/pl","International business, investment, innovation and partnership outreach","https://een.ec.europa.eu/local-contact-points/pl","official_directory","2026-10-04"
"RZESZOWSKA AGENCJA ROZWOJU REGIONALNEGO SPOLKA AKCYJNA","Enterprise Europe Network / Business Support","PL","https://een.ec.europa.eu/local-contact-points/pl","https://een.ec.europa.eu/local-contact-points/pl","International business, investment, innovation and partnership outreach","https://een.ec.europa.eu/local-contact-points/pl","official_directory","2026-10-04"
"Stowarzyszenie Grupy Przedsiebiorcow Przemyslu Lotniczego ""Dolina Lotnicza""","Enterprise Europe Network / Business Support","PL","https://een.ec.europa.eu/local-contact-points/pl","https://een.ec.europa.eu/local-contact-points/pl","International business, investment, innovation and partnership outreach","https://een.ec.europa.eu/local-contact-points/pl","official_directory","2026-10-04"
"WYZSZA SZKOLA INFORMATYKI I ZARZADZANIA Z SIEDZIBA W RZESZOWIE","Enterprise Europe Network / Business Support","PL","https://een.ec.europa.eu/local-contact-points/pl","https://een.ec.europa.eu/local-contact-points/pl","International business, investment, innovation and partnership outreach","https://een.ec.europa.eu/local-contact-points/pl","official_directory","2026-10-04"
"DOLNOSLASKA AGENCJA ROZWOJU REGIONALNEGO SA","Enterprise Europe Network / Business Support","PL","https://een.ec.europa.eu/local-contact-points/pl","https://een.ec.europa.eu/local-contact-points/pl","International business, investment, innovation and partnership outreach","https://een.ec.europa.eu/local-contact-points/pl","official_directory","2026-10-04"
"ZACHODNIOPOMORSKI UNIWERSYTET TECHNOLOGICZNY W SZCZECINIE","Enterprise Europe Network / Business Support","PL","https://een.ec.europa.eu/local-contact-points/pl","https://een.ec.europa.eu/local-contact-points/pl","International business, investment, innovation and partnership outreach","https://een.ec.europa.eu/local-contact-points/pl","official_directory","2026-10-04"
"TORUNSKA AGENCJA ROZWOJU REGIONALNEGO SPOLKA AKCYJNA","Enterprise Europe Network / Business Support","PL","https://een.ec.europa.eu/local-contact-points/pl","https://een.ec.europa.eu/local-contact-points/pl","International business, investment, innovation and partnership outreach","https://een.ec.europa.eu/local-contact-points/pl","official_directory","2026-10-04"
"SIEC BADAWCZA LUKASIEWICZ - WARSZAWSKI INSTYTUT TECHNOLOGICZNY","Enterprise Europe Network / Business Support","PL","https://een.ec.europa.eu/local-contact-points/pl","https://een.ec.europa.eu/local-contact-points/pl","International business, investment, innovation and partnership outreach","https://een.ec.europa.eu/local-contact-points/pl","official_directory","2026-10-04"
"UNIWERSYTET WARSZAWSKI","Enterprise Europe Network / Business Support","PL","https://een.ec.europa.eu/local-contact-points/pl","https://een.ec.europa.eu/local-contact-points/pl","International business, investment, innovation and partnership outreach","https://een.ec.europa.eu/local-contact-points/pl","official_directory","2026-10-04"
"POLSKA AGENCJA ROZWOJU PRZEDSIEBIORCZOSCI","Enterprise Europe Network / Business Support","PL","https://een.ec.europa.eu/local-contact-points/pl","https://een.ec.europa.eu/local-contact-points/pl","International business, investment, innovation and partnership outreach","https://een.ec.europa.eu/local-contact-points/pl","official_directory","2026-10-04"
"Wroclaw Centre for Technology Transfer of Wroclaw University of Science","Enterprise Europe Network / Business Support","PL","https://een.ec.europa.eu/local-contact-points/pl","https://een.ec.europa.eu/local-contact-points/pl","International business, investment, innovation and partnership outreach","https://een.ec.europa.eu/local-contact-points/pl","official_directory","2026-10-04"
"UNIWERSYTET ZIELONOGORSKI","Enterprise Europe Network / Business Support","PL","https://een.ec.europa.eu/local-contact-points/pl","https://een.ec.europa.eu/local-contact-points/pl","International business, investment, innovation and partnership outreach","https://een.ec.europa.eu/local-contact-points/pl","official_directory","2026-10-04"
"JIC, zajmove sdruzeni pranickch osob","Enterprise Europe Network / Business Support","CZ","https://een.ec.europa.eu/local-contact-points/cz","https://een.ec.europa.eu/local-contact-points/cz","International business, investment, innovation and partnership outreach","https://een.ec.europa.eu/local-contact-points/cz","official_directory","2026-10-04"
"MORAVSKOSLEZSKE INOVACNI CENTRUM OSTRAVA","Enterprise Europe Network / Business Support","CZ","https://een.ec.europa.eu/local-contact-points/cz","https://een.ec.europa.eu/local-contact-points/cz","International business, investment, innovation and partnership outreach","https://een.ec.europa.eu/local-contact-points/cz","official_directory","2026-10-04"
"BIC Plzen, spolecnost s rucenim omezenym","Enterprise Europe Network / Business Support","CZ","https://een.ec.europa.eu/local-contact-points/cz","https://een.ec.europa.eu/local-contact-points/cz","International business, investment, innovation and partnership outreach","https://een.ec.europa.eu/local-contact-points/cz","official_directory","2026-10-04"
"AGENTURA PRO PODPORU PODNIKANI A INVESTIC CZECHINVEST","Enterprise Europe Network / Business Support","CZ","https://een.ec.europa.eu/local-contact-points/cz","https://een.ec.europa.eu/local-contact-points/cz","International business, investment, innovation and partnership outreach","https://een.ec.europa.eu/local-contact-points/cz","official_directory","2026-10-04"
"CESKA AGENTURA NA PODPORU OBCHODU","Enterprise Europe Network / Business Support","CZ","https://een.ec.europa.eu/local-contact-points/cz","https://een.ec.europa.eu/local-contact-points/cz","International business, investment, innovation and partnership outreach","https://een.ec.europa.eu/local-contact-points/cz","official_directory","2026-10-04"
"ASOCIACE MALYCH A STREDNICH PODNIKU A ZIVNOSTNIKU CR","Enterprise Europe Network / Business Support","CZ","https://een.ec.europa.eu/local-contact-points/cz","https://een.ec.europa.eu/local-contact-points/cz","International business, investment, innovation and partnership outreach","https://een.ec.europa.eu/local-contact-points/cz","official_directory","2026-10-04"
"NORDDANMARKS EU-KONTOR","Enterprise Europe Network / Business Support","DK","https://een.ec.europa.eu/local-contact-points/dk","https://een.ec.europa.eu/local-contact-points/dk","International business, investment, innovation and partnership outreach","https://een.ec.europa.eu/local-contact-points/dk","official_directory","2026-10-04"
"ERHVERVSHUS MIDTJYLLAND S/I","Enterprise Europe Network / Business Support","DK","https://een.ec.europa.eu/local-contact-points/dk","https://een.ec.europa.eu/local-contact-points/dk","International business, investment, innovation and partnership outreach","https://een.ec.europa.eu/local-contact-points/dk","official_directory","2026-10-04"
"ERHVERVSHUS HOVEDSTADEN","Enterprise Europe Network / Business Support","DK","https://een.ec.europa.eu/local-contact-points/dk","https://een.ec.europa.eu/local-contact-points/dk","International business, investment, innovation and partnership outreach","https://een.ec.europa.eu/local-contact-points/dk","official_directory","2026-10-04"
"FORENINGEN EU OG INTERNATIONALT SAMARBEJDE I SYDDANMARK - F.M.B.A.","Enterprise Europe Network / Business Support","DK","https://een.ec.europa.eu/local-contact-points/dk","https://een.ec.europa.eu/local-contact-points/dk","International business, investment, innovation and partnership outreach","https://een.ec.europa.eu/local-contact-points/dk","official_directory","2026-10-04"
"S/I ERHVERVSHUS SJAELLAND","Enterprise Europe Network / Business Support","DK","https://een.ec.europa.eu/local-contact-points/dk","https://een.ec.europa.eu/local-contact-points/dk","International business, investment, innovation and partnership outreach","https://een.ec.europa.eu/local-contact-points/dk","official_directory","2026-10-04"
"FBCD AS","Enterprise Europe Network / Business Support","DK","https://een.ec.europa.eu/local-contact-points/dk","https://een.ec.europa.eu/local-contact-points/dk","International business, investment, innovation and partnership outreach","https://een.ec.europa.eu/local-contact-points/dk","official_directory","2026-10-04"
"STIFTELSEN DALARNA SCIENCE PARK","Enterprise Europe Network / Business Support","SE","https://een.ec.europa.eu/local-contact-points/se","https://een.ec.europa.eu/local-contact-points/se","International business, investment, innovation and partnership outreach","https://een.ec.europa.eu/local-contact-points/se","official_directory","2026-10-04"
"BUSINESS REGION GOTEBORG","Enterprise Europe Network / Business Support","SE","https://een.ec.europa.eu/local-contact-points/se","https://een.ec.europa.eu/local-contact-points/se","International business, investment, innovation and partnership outreach","https://een.ec.europa.eu/local-contact-points/se","official_directory","2026-10-04"
"RISE RESEARCH INSTITUTES OF SWEDEN AB","Enterprise Europe Network / Business Support","SE","https://een.ec.europa.eu/local-contact-points/se","https://een.ec.europa.eu/local-contact-points/se","International business, investment, innovation and partnership outreach","https://een.ec.europa.eu/local-contact-points/se","official_directory","2026-10-04"
"ALMI FORETAGSPARTNER JONKOPING AB","Enterprise Europe Network / Business Support","SE","https://een.ec.europa.eu/local-contact-points/se","https://een.ec.europa.eu/local-contact-points/se","International business, investment, innovation and partnership outreach","https://een.ec.europa.eu/local-contact-points/se","official_directory","2026-10-04"
"ALMI FORETAGSPARTNER MALARDALEN AB","Enterprise Europe Network / Business Support","SE","https://een.ec.europa.eu/local-contact-points/se","https://een.ec.europa.eu/local-contact-points/se","International business, investment, innovation and partnership outreach","https://een.ec.europa.eu/local-contact-points/se","official_directory","2026-10-04"
"LTU BUSINESS AB","Enterprise Europe Network / Business Support","SE","https://een.ec.europa.eu/local-contact-points/se","https://een.ec.europa.eu/local-contact-points/se","International business, investment, innovation and partnership outreach","https://een.ec.europa.eu/local-contact-points/se","official_directory","2026-10-04"
"ALMI FORETAGSPARTNER SKANE AKTIEBOLAG","Enterprise Europe Network / Business Support","SE","https://een.ec.europa.eu/local-contact-points/se","https://een.ec.europa.eu/local-contact-points/se","International business, investment, innovation and partnership outreach","https://een.ec.europa.eu/local-contact-points/se","official_directory","2026-10-04"
"ALMI MITT AB","Enterprise Europe Network / Business Support","SE","https://een.ec.europa.eu/local-contact-points/se","https://een.ec.europa.eu/local-contact-points/se","International business, investment, innovation and partnership outreach","https://een.ec.europa.eu/local-contact-points/se","official_directory","2026-10-04"
"Stockholms Handelskammares Serviceaktiebolag","Enterprise Europe Network / Business Support","SE","https://een.ec.europa.eu/local-contact-points/se","https://een.ec.europa.eu/local-contact-points/se","International business, investment, innovation and partnership outreach","https://een.ec.europa.eu/local-contact-points/se","official_directory","2026-10-04"
"Tillväxtverket","Enterprise Europe Network / Business Support","SE","https://een.ec.europa.eu/local-contact-points/se","https://een.ec.europa.eu/local-contact-points/se","International business, investment, innovation and partnership outreach","https://een.ec.europa.eu/local-contact-points/se","official_directory","2026-10-04"
"UMINOVA INNOVATION AB","Enterprise Europe Network / Business Support","SE","https://een.ec.europa.eu/local-contact-points/se","https://een.ec.europa.eu/local-contact-points/se","International business, investment, innovation and partnership outreach","https://een.ec.europa.eu/local-contact-points/se","official_directory","2026-10-04"
"ALMI FORETAGSPARTNER KRONOBERG AKTIEBOLAG","Enterprise Europe Network / Business Support","SE","https://een.ec.europa.eu/local-contact-points/se","https://een.ec.europa.eu/local-contact-points/se","International business, investment, innovation and partnership outreach","https://een.ec.europa.eu/local-contact-points/se","official_directory","2026-10-04"
"BUSINESS FINLAND OY","Enterprise Europe Network / Business Support","FI","https://een.ec.europa.eu/local-contact-points/fi","https://een.ec.europa.eu/local-contact-points/fi","International business, investment, innovation and partnership outreach","https://een.ec.europa.eu/local-contact-points/fi","official_directory","2026-10-04"
"Helsinki Region Chamber of Commerce","Enterprise Europe Network / Business Support","FI","https://een.ec.europa.eu/local-contact-points/fi","https://een.ec.europa.eu/local-contact-points/fi","International business, investment, innovation and partnership outreach","https://een.ec.europa.eu/local-contact-points/fi","official_directory","2026-10-04"
"BUSINESS TURKU OY AB","Enterprise Europe Network / Business Support","FI","https://een.ec.europa.eu/local-contact-points/fi","https://een.ec.europa.eu/local-contact-points/fi","International business, investment, innovation and partnership outreach","https://een.ec.europa.eu/local-contact-points/fi","official_directory","2026-10-04"
"Innovasjon Norge","Enterprise Europe Network / Business Support","NO","https://een.ec.europa.eu/local-contact-points/no","https://een.ec.europa.eu/local-contact-points/no","International business, investment, innovation and partnership outreach","https://een.ec.europa.eu/local-contact-points/no","official_directory","2026-10-04"
"DONEGAL COUNTY COUNCIL","Enterprise Europe Network / Business Support","IE","https://een.ec.europa.eu/local-contact-points/ie","https://een.ec.europa.eu/local-contact-points/ie","International business, investment, innovation and partnership outreach","https://een.ec.europa.eu/local-contact-points/ie","official_directory","2026-10-04"
"THE CORK CHAMBER OF COMMERCE","Enterprise Europe Network / Business Support","IE","https://een.ec.europa.eu/local-contact-points/ie","https://een.ec.europa.eu/local-contact-points/ie","International business, investment, innovation and partnership outreach","https://een.ec.europa.eu/local-contact-points/ie","official_directory","2026-10-04"
"DUBLIN CHAMBER OF COMMERCE","Enterprise Europe Network / Business Support","IE","https://een.ec.europa.eu/local-contact-points/ie","https://een.ec.europa.eu/local-contact-points/ie","International business, investment, innovation and partnership outreach","https://een.ec.europa.eu/local-contact-points/ie","official_directory","2026-10-04"
"ENTERPRISE IRELAND","Enterprise Europe Network / Business Support","IE","https://een.ec.europa.eu/local-contact-points/ie","https://een.ec.europa.eu/local-contact-points/ie","International business, investment, innovation and partnership outreach","https://een.ec.europa.eu/local-contact-points/ie","official_directory","2026-10-04"
"AIDA COMO CAMARA DE COMERCIO E INDUSTRIA DO DISTRITO DE AVEIRO","Enterprise Europe Network / Business Support","PT","https://een.ec.europa.eu/local-contact-points/pt","https://een.ec.europa.eu/local-contact-points/pt","International business, investment, innovation and partnership outreach","https://een.ec.europa.eu/local-contact-points/pt","official_directory","2026-10-04"
"CEC - CONSELHO EMPRESARIAL DO CENTRO/CIC - CAMARA DE COMERCIO E INDUSTRIA DO CENTRO","Enterprise Europe Network / Business Support","PT","https://een.ec.europa.eu/local-contact-points/pt","https://een.ec.europa.eu/local-contact-points/pt","International business, investment, innovation and partnership outreach","https://een.ec.europa.eu/local-contact-points/pt","official_directory","2026-10-04"
"IAPMEI - AGENCIA PARA A COMPETITIVIDADE E INOVACAO IP","Enterprise Europe Network / Business Support","PT","https://een.ec.europa.eu/local-contact-points/pt","https://een.ec.europa.eu/local-contact-points/pt","International business, investment, innovation and partnership outreach","https://een.ec.europa.eu/local-contact-points/pt","official_directory","2026-10-04"
"ASSOCIACAO COMERCIAL E INDUSTRIAL DO FUNCHAL - CAMARA DE COMERCIO E INDUSTRIA DA MADEIRA","Enterprise Europe Network / Business Support","PT","https://een.ec.europa.eu/local-contact-points/pt","https://een.ec.europa.eu/local-contact-points/pt","International business, investment, innovation and partnership outreach","https://een.ec.europa.eu/local-contact-points/pt","official_directory","2026-10-04"
"ANI - AGENCIA NACIONAL DE INOVACAO, SA","Enterprise Europe Network / Business Support","PT","https://een.ec.europa.eu/local-contact-points/pt","https://een.ec.europa.eu/local-contact-points/pt","International business, investment, innovation and partnership outreach","https://een.ec.europa.eu/local-contact-points/pt","official_directory","2026-10-04"
"ASSOCIACAO INDUSTRIAL PORTUGUESA -CAMARA DE COMERCIO E INDUSTRIA AIPCCI","Enterprise Europe Network / Business Support","PT","https://een.ec.europa.eu/local-contact-points/pt","https://een.ec.europa.eu/local-contact-points/pt","International business, investment, innovation and partnership outreach","https://een.ec.europa.eu/local-contact-points/pt","official_directory","2026-10-04"
"Laboratorio Nacional de Energia e Geologia I.P.","Enterprise Europe Network / Business Support","PT","https://een.ec.europa.eu/local-contact-points/pt","https://een.ec.europa.eu/local-contact-points/pt","International business, investment, innovation and partnership outreach","https://een.ec.europa.eu/local-contact-points/pt","official_directory","2026-10-04"
"CAMARA DO COMERCIO E INDUSTRIA DE PONTA DELGADA","Enterprise Europe Network / Business Support","PT","https://een.ec.europa.eu/local-contact-points/pt","https://een.ec.europa.eu/local-contact-points/pt","International business, investment, innovation and partnership outreach","https://een.ec.europa.eu/local-contact-points/pt","official_directory","2026-10-04"
"ASSOCIACAO EMPRESARIAL DE PORTUGAL","Enterprise Europe Network / Business Support","PT","https://een.ec.europa.eu/local-contact-points/pt","https://een.ec.europa.eu/local-contact-points/pt","International business, investment, innovation and partnership outreach","https://een.ec.europa.eu/local-contact-points/pt","official_directory","2026-10-04"
"INESC TEC - INSTITUTO DE ENGENHARIADE SISTEMAS E COMPUTADORES, TECNOLOGIA E CIENCIA","Enterprise Europe Network / Business Support","PT","https://een.ec.europa.eu/local-contact-points/pt","https://een.ec.europa.eu/local-contact-points/pt","International business, investment, innovation and partnership outreach","https://een.ec.europa.eu/local-contact-points/pt","official_directory","2026-10-04"
"ATHENS CHAMBER OF SMALL AND MEDIUM INDUSTRIES","Enterprise Europe Network / Business Support","GR","https://een.ec.europa.eu/local-contact-points/gr","https://een.ec.europa.eu/local-contact-points/gr","International business, investment, innovation and partnership outreach","https://een.ec.europa.eu/local-contact-points/gr","official_directory","2026-10-04"
"ATHENS CHAMBER OF COMMERCE AND INDUSTRY","Enterprise Europe Network / Business Support","GR","https://een.ec.europa.eu/local-contact-points/gr","https://een.ec.europa.eu/local-contact-points/gr","International business, investment, innovation and partnership outreach","https://een.ec.europa.eu/local-contact-points/gr","official_directory","2026-10-04"
"INSTITOUTO MIKRON EPICHIRISEON GENIKIS SYNOMOSPONDIAS EPAGGELMATION BIOTECHNON EMPORON ELLADOS IMEGSEBEE","Enterprise Europe Network / Business Support","GR","https://een.ec.europa.eu/local-contact-points/gr","https://een.ec.europa.eu/local-contact-points/gr","International business, investment, innovation and partnership outreach","https://een.ec.europa.eu/local-contact-points/gr","official_directory","2026-10-04"
"Enterprise Greece S.A.","Enterprise Europe Network / Business Support","GR","https://een.ec.europa.eu/local-contact-points/gr","https://een.ec.europa.eu/local-contact-points/gr","International business, investment, innovation and partnership outreach","https://een.ec.europa.eu/local-contact-points/gr","official_directory","2026-10-04"
"ETHNIKO KENTRO TEKMIRIOSIS KAI ILEKTRONIKOU PERIECHOMENOU","Enterprise Europe Network / Business Support","GR","https://een.ec.europa.eu/local-contact-points/gr","https://een.ec.europa.eu/local-contact-points/gr","International business, investment, innovation and partnership outreach","https://een.ec.europa.eu/local-contact-points/gr","official_directory","2026-10-04"
"IDRYMA TECHNOLOGIAS KAI EREVNAS","Enterprise Europe Network / Business Support","GR","https://een.ec.europa.eu/local-contact-points/gr","https://een.ec.europa.eu/local-contact-points/gr","International business, investment, innovation and partnership outreach","https://een.ec.europa.eu/local-contact-points/gr","official_directory","2026-10-04"
"EPIMELITIRIO KAVALAS","Enterprise Europe Network / Business Support","GR","https://een.ec.europa.eu/local-contact-points/gr","https://een.ec.europa.eu/local-contact-points/gr","International business, investment, innovation and partnership outreach","https://een.ec.europa.eu/local-contact-points/gr","official_directory","2026-10-04"
"CHAMBER OF ARKADIA","Enterprise Europe Network / Business Support","GR","https://een.ec.europa.eu/local-contact-points/gr","https://een.ec.europa.eu/local-contact-points/gr","International business, investment, innovation and partnership outreach","https://een.ec.europa.eu/local-contact-points/gr","official_directory","2026-10-04"
"ANONYMI ETAIREIA VIOMICHANIKIS EREVNAS, TECHNOLOGIKIS ANAPTYXIS KAI ERGASTIRIAKON DOKIMON, PISTOPIISIS KAI PIOTITAS","Enterprise Europe Network / Business Support","GR","https://een.ec.europa.eu/local-contact-points/gr","https://een.ec.europa.eu/local-contact-points/gr","International business, investment, innovation and partnership outreach","https://een.ec.europa.eu/local-contact-points/gr","official_directory","2026-10-04"
"EMPORIKO KAI VIOMICHANIKO EPIMELITIRIO HERAKLIOU","Enterprise Europe Network / Business Support","GR","https://een.ec.europa.eu/local-contact-points/gr","https://een.ec.europa.eu/local-contact-points/gr","International business, investment, innovation and partnership outreach","https://een.ec.europa.eu/local-contact-points/gr","official_directory","2026-10-04"
"EPIMELITIRIO IOANNINON","Enterprise Europe Network / Business Support","GR","https://een.ec.europa.eu/local-contact-points/gr","https://een.ec.europa.eu/local-contact-points/gr","International business, investment, innovation and partnership outreach","https://een.ec.europa.eu/local-contact-points/gr","official_directory","2026-10-04"
"ANKO Western Macedonia S.A. - Organization for Local Development","Enterprise Europe Network / Business Support","GR","https://een.ec.europa.eu/local-contact-points/gr","https://een.ec.europa.eu/local-contact-points/gr","International business, investment, innovation and partnership outreach","https://een.ec.europa.eu/local-contact-points/gr","official_directory","2026-10-04"
"SYNDESMOS EPICHEIRISEON KAI VIOMICHANION PELOPONNISOU KAI DYTIKIS ELLADOS","Enterprise Europe Network / Business Support","GR","https://een.ec.europa.eu/local-contact-points/gr","https://een.ec.europa.eu/local-contact-points/gr","International business, investment, innovation and partnership outreach","https://een.ec.europa.eu/local-contact-points/gr","official_directory","2026-10-04"
"SYNDESMOS VIOMICHANION ELLADOS","Enterprise Europe Network / Business Support","GR","https://een.ec.europa.eu/local-contact-points/gr","https://een.ec.europa.eu/local-contact-points/gr","International business, investment, innovation and partnership outreach","https://een.ec.europa.eu/local-contact-points/gr","official_directory","2026-10-04"
"ASSOCIATION OF INDUSTRIES OF THESSALY AND CENTRAL GREECE","Enterprise Europe Network / Business Support","GR","https://een.ec.europa.eu/local-contact-points/gr","https://een.ec.europa.eu/local-contact-points/gr","International business, investment, innovation and partnership outreach","https://een.ec.europa.eu/local-contact-points/gr","official_directory","2026-10-04"
"AGENTIA PENTRU DEZVOLTARE REGIONALA CENTRU","Enterprise Europe Network / Business Support","RO","https://een.ec.europa.eu/local-contact-points/ro","https://een.ec.europa.eu/local-contact-points/ro","International business, investment, innovation and partnership outreach","https://een.ec.europa.eu/local-contact-points/ro","official_directory","2026-10-04"
"AGENTIA PENTRU DEZVOLTARE REGIONALA SUD-MUNTENIA","Enterprise Europe Network / Business Support","RO","https://een.ec.europa.eu/local-contact-points/ro","https://een.ec.europa.eu/local-contact-points/ro","International business, investment, innovation and partnership outreach","https://een.ec.europa.eu/local-contact-points/ro","official_directory","2026-10-04"
"AGENTIA PENTRU DEZVOLTARE REGIONALA A REGIUNII DE DEZVOLTARE SUD-EST","Enterprise Europe Network / Business Support","RO","https://een.ec.europa.eu/local-contact-points/ro","https://een.ec.europa.eu/local-contact-points/ro","International business, investment, innovation and partnership outreach","https://een.ec.europa.eu/local-contact-points/ro","official_directory","2026-10-04"
"CAMERA DE COMERT SI INDUSTRIE BRASOV","Enterprise Europe Network / Business Support","RO","https://een.ec.europa.eu/local-contact-points/ro","https://een.ec.europa.eu/local-contact-points/ro","International business, investment, innovation and partnership outreach","https://een.ec.europa.eu/local-contact-points/ro","official_directory","2026-10-04"
"ICEBERG PLUS SRL","Enterprise Europe Network / Business Support","RO","https://een.ec.europa.eu/local-contact-points/ro","https://een.ec.europa.eu/local-contact-points/ro","International business, investment, innovation and partnership outreach","https://een.ec.europa.eu/local-contact-points/ro","official_directory","2026-10-04"
"10ABILITY.EU SRL - PROSME","Enterprise Europe Network / Business Support","RO","https://een.ec.europa.eu/local-contact-points/ro","https://een.ec.europa.eu/local-contact-points/ro","International business, investment, innovation and partnership outreach","https://een.ec.europa.eu/local-contact-points/ro","official_directory","2026-10-04"
"AGENTIA PENTRU DEZVOLTARE REGIONALA BUCURESTI ILFOV ADRBI","Enterprise Europe Network / Business Support","RO","https://een.ec.europa.eu/local-contact-points/ro","https://een.ec.europa.eu/local-contact-points/ro","International business, investment, innovation and partnership outreach","https://een.ec.europa.eu/local-contact-points/ro","official_directory","2026-10-04"
"ASOCIATIA INTER-BIO","Enterprise Europe Network / Business Support","RO","https://een.ec.europa.eu/local-contact-points/ro","https://een.ec.europa.eu/local-contact-points/ro","International business, investment, innovation and partnership outreach","https://een.ec.europa.eu/local-contact-points/ro","official_directory","2026-10-04"
"ASOCIATIA ROPOT","Enterprise Europe Network / Business Support","RO","https://een.ec.europa.eu/local-contact-points/ro","https://een.ec.europa.eu/local-contact-points/ro","International business, investment, innovation and partnership outreach","https://een.ec.europa.eu/local-contact-points/ro","official_directory","2026-10-04"
"INPULSE PARTNERS SRL","Enterprise Europe Network / Business Support","RO","https://een.ec.europa.eu/local-contact-points/ro","https://een.ec.europa.eu/local-contact-points/ro","International business, investment, innovation and partnership outreach","https://een.ec.europa.eu/local-contact-points/ro","official_directory","2026-10-04"
"ASOCIATIA ROMANA PENTRU INDUSTRIA ELECTRONICA SI SOFTWARE","Enterprise Europe Network / Business Support","RO","https://een.ec.europa.eu/local-contact-points/ro","https://een.ec.europa.eu/local-contact-points/ro","International business, investment, innovation and partnership outreach","https://een.ec.europa.eu/local-contact-points/ro","official_directory","2026-10-04"
"10ABILITY.EU SRL - ERBSN","Enterprise Europe Network / Business Support","RO","https://een.ec.europa.eu/local-contact-points/ro","https://een.ec.europa.eu/local-contact-points/ro","International business, investment, innovation and partnership outreach","https://een.ec.europa.eu/local-contact-points/ro","official_directory","2026-10-04"
"CONSILIUL NATIONAL AL INTREPRINDERILOR PRIVATE MICI SI MIJLOCII DIN ROMANIA ASOCIATIE","Enterprise Europe Network / Business Support","RO","https://een.ec.europa.eu/local-contact-points/ro","https://een.ec.europa.eu/local-contact-points/ro","International business, investment, innovation and partnership outreach","https://een.ec.europa.eu/local-contact-points/ro","official_directory","2026-10-04"
"CSR BOOTIQ SRL","Enterprise Europe Network / Business Support","RO","https://een.ec.europa.eu/local-contact-points/ro","https://een.ec.europa.eu/local-contact-points/ro","International business, investment, innovation and partnership outreach","https://een.ec.europa.eu/local-contact-points/ro","official_directory","2026-10-04"
"Universitatea Nationala de Stiinta si Tehnologie Politehnica Bucuresti","Enterprise Europe Network / Business Support","RO","https://een.ec.europa.eu/local-contact-points/ro","https://een.ec.europa.eu/local-contact-points/ro","International business, investment, innovation and partnership outreach","https://een.ec.europa.eu/local-contact-points/ro","official_directory","2026-10-04"
"INSTITUTUL NATIONAL DE CERCETARE DEZVOLTARE PENTRU MASINI SI INSTALATII DESTINATE AGRICULTURII SI INDUSTRIEI ALIMENTARE","Enterprise Europe Network / Business Support","RO","https://een.ec.europa.eu/local-contact-points/ro","https://een.ec.europa.eu/local-contact-points/ro","International business, investment, innovation and partnership outreach","https://een.ec.europa.eu/local-contact-points/ro","official_directory","2026-10-04"
"AGENTIA DE DEZVOLTARE REGIONALA NORD-VEST","Enterprise Europe Network / Business Support","RO","https://een.ec.europa.eu/local-contact-points/ro","https://een.ec.europa.eu/local-contact-points/ro","International business, investment, innovation and partnership outreach","https://een.ec.europa.eu/local-contact-points/ro","official_directory","2026-10-04"
"ASOCIATIA CLUJ IT","Enterprise Europe Network / Business Support","RO","https://een.ec.europa.eu/local-contact-points/ro","https://een.ec.europa.eu/local-contact-points/ro","International business, investment, innovation and partnership outreach","https://een.ec.europa.eu/local-contact-points/ro","official_directory","2026-10-04"
"INSTITUTUL NATIONAL DE CERCETARE DEZVOLTARE PENTRU OPTOELECTRONICA INOE 2000","Enterprise Europe Network / Business Support","RO","https://een.ec.europa.eu/local-contact-points/ro","https://een.ec.europa.eu/local-contact-points/ro","International business, investment, innovation and partnership outreach","https://een.ec.europa.eu/local-contact-points/ro","official_directory","2026-10-04"
"UNIVERSITATEA TEHNICA CLUJ-NAPOCA","Enterprise Europe Network / Business Support","RO","https://een.ec.europa.eu/local-contact-points/ro","https://een.ec.europa.eu/local-contact-points/ro","International business, investment, innovation and partnership outreach","https://een.ec.europa.eu/local-contact-points/ro","official_directory","2026-10-04"
"CAMERA DE COMERT, INDUSTRIE, NAVIGATIE SI AGRICULTURA CONSTANTA","Enterprise Europe Network / Business Support","RO","https://een.ec.europa.eu/local-contact-points/ro","https://een.ec.europa.eu/local-contact-points/ro","International business, investment, innovation and partnership outreach","https://een.ec.europa.eu/local-contact-points/ro","official_directory","2026-10-04"
"AGENTIA PENTRU DEZVOLTARE REGIONALASUD-VEST OLTENIA","Enterprise Europe Network / Business Support","RO","https://een.ec.europa.eu/local-contact-points/ro","https://een.ec.europa.eu/local-contact-points/ro","International business, investment, innovation and partnership outreach","https://een.ec.europa.eu/local-contact-points/ro","official_directory","2026-10-04"
"UNIVERSITATEA DIN CRAIOVA","Enterprise Europe Network / Business Support","RO","https://een.ec.europa.eu/local-contact-points/ro","https://een.ec.europa.eu/local-contact-points/ro","International business, investment, innovation and partnership outreach","https://een.ec.europa.eu/local-contact-points/ro","official_directory","2026-10-04"
"CAMERA DE COMERT, INDUSTRIE SI AGRICULTURA GALATI","Enterprise Europe Network / Business Support","RO","https://een.ec.europa.eu/local-contact-points/ro","https://een.ec.europa.eu/local-contact-points/ro","International business, investment, innovation and partnership outreach","https://een.ec.europa.eu/local-contact-points/ro","official_directory","2026-10-04"
"ARHIPELAGO INTERACTIVE SRL","Enterprise Europe Network / Business Support","RO","https://een.ec.europa.eu/local-contact-points/ro","https://een.ec.europa.eu/local-contact-points/ro","International business, investment, innovation and partnership outreach","https://een.ec.europa.eu/local-contact-points/ro","official_directory","2026-10-04"
"TEHNOPOLIS SRL","Enterprise Europe Network / Business Support","RO","https://een.ec.europa.eu/local-contact-points/ro","https://een.ec.europa.eu/local-contact-points/ro","International business, investment, innovation and partnership outreach","https://een.ec.europa.eu/local-contact-points/ro","official_directory","2026-10-04"
"ASOCIATIA MAGURELE SCIENCE PARK","Enterprise Europe Network / Business Support","RO","https://een.ec.europa.eu/local-contact-points/ro","https://een.ec.europa.eu/local-contact-points/ro","International business, investment, innovation and partnership outreach","https://een.ec.europa.eu/local-contact-points/ro","official_directory","2026-10-04"
"AGENTIA PENTRU DEZVOLTARE REGIONALANORD-EST","Enterprise Europe Network / Business Support","RO","https://een.ec.europa.eu/local-contact-points/ro","https://een.ec.europa.eu/local-contact-points/ro","International business, investment, innovation and partnership outreach","https://een.ec.europa.eu/local-contact-points/ro","official_directory","2026-10-04"
"ASOCIATIA INTREPRINDERILOR MICI SIMIJLOCII COVASNA","Enterprise Europe Network / Business Support","RO","https://een.ec.europa.eu/local-contact-points/ro","https://een.ec.europa.eu/local-contact-points/ro","International business, investment, innovation and partnership outreach","https://een.ec.europa.eu/local-contact-points/ro","official_directory","2026-10-04"
"CAMERA DE COMERT SI INDUSTRIE SUCEAVA","Enterprise Europe Network / Business Support","RO","https://een.ec.europa.eu/local-contact-points/ro","https://een.ec.europa.eu/local-contact-points/ro","International business, investment, innovation and partnership outreach","https://een.ec.europa.eu/local-contact-points/ro","official_directory","2026-10-04"
"ASOCIATIA TEHIMPULS-CENTRUL REGIONAL DE INOVARE SI TRANSFER TEHNOLOGIC","Enterprise Europe Network / Business Support","RO","https://een.ec.europa.eu/local-contact-points/ro","https://een.ec.europa.eu/local-contact-points/ro","International business, investment, innovation and partnership outreach","https://een.ec.europa.eu/local-contact-points/ro","official_directory","2026-10-04"
"CAMERA DE COMERT INDUSTRIE SI AGRICULTURA TIMIS","Enterprise Europe Network / Business Support","RO","https://een.ec.europa.eu/local-contact-points/ro","https://een.ec.europa.eu/local-contact-points/ro","International business, investment, innovation and partnership outreach","https://een.ec.europa.eu/local-contact-points/ro","official_directory","2026-10-04"
"REGIONAL DEVELOPMENT AGENCY OF THE WEST REGION ROMANIA","Enterprise Europe Network / Business Support","RO","https://een.ec.europa.eu/local-contact-points/ro","https://een.ec.europa.eu/local-contact-points/ro","International business, investment, innovation and partnership outreach","https://een.ec.europa.eu/local-contact-points/ro","official_directory","2026-10-04"
"KLASTER VAZOBNOVYAEMI ENERGIYNI IZTOCHNITSI","Enterprise Europe Network / Business Support","BG","https://een.ec.europa.eu/local-contact-points/bg","https://een.ec.europa.eu/local-contact-points/bg","International business, investment, innovation and partnership outreach","https://een.ec.europa.eu/local-contact-points/bg","official_directory","2026-10-04"
"REGIONAL INNOVATION CENTER AMBITIOUS GABROVO","Enterprise Europe Network / Business Support","BG","https://een.ec.europa.eu/local-contact-points/bg","https://een.ec.europa.eu/local-contact-points/bg","International business, investment, innovation and partnership outreach","https://een.ec.europa.eu/local-contact-points/bg","official_directory","2026-10-04"
"KLASTER MEHATRONIKA I AVTOMATIZATSIA","Enterprise Europe Network / Business Support","BG","https://een.ec.europa.eu/local-contact-points/bg","https://een.ec.europa.eu/local-contact-points/bg","International business, investment, innovation and partnership outreach","https://een.ec.europa.eu/local-contact-points/bg","official_directory","2026-10-04"
"PLOVDIV CHAMBER OF COMMERCE AND INDUSTRY","Enterprise Europe Network / Business Support","BG","https://een.ec.europa.eu/local-contact-points/bg","https://een.ec.europa.eu/local-contact-points/bg","International business, investment, innovation and partnership outreach","https://een.ec.europa.eu/local-contact-points/bg","official_directory","2026-10-04"
"BUSINESS SUPPORT CENTRE FOR SMALL AND MEDIUM SIZE ENTERPRISES-RUSE","Enterprise Europe Network / Business Support","BG","https://een.ec.europa.eu/local-contact-points/bg","https://een.ec.europa.eu/local-contact-points/bg","International business, investment, innovation and partnership outreach","https://een.ec.europa.eu/local-contact-points/bg","official_directory","2026-10-04"
"Bulgarian Industrial Association - Union of the Bulgarian Business","Enterprise Europe Network / Business Support","BG","https://een.ec.europa.eu/local-contact-points/bg","https://een.ec.europa.eu/local-contact-points/bg","International business, investment, innovation and partnership outreach","https://een.ec.europa.eu/local-contact-points/bg","official_directory","2026-10-04"
"JOINT INNOVATION CENTRE OF BAS","Enterprise Europe Network / Business Support","BG","https://een.ec.europa.eu/local-contact-points/bg","https://een.ec.europa.eu/local-contact-points/bg","International business, investment, innovation and partnership outreach","https://een.ec.europa.eu/local-contact-points/bg","official_directory","2026-10-04"
"CHAMBER OF COMMERCE AND INDUSTRY OF STARA ZAGORA BULGARIA","Enterprise Europe Network / Business Support","BG","https://een.ec.europa.eu/local-contact-points/bg","https://een.ec.europa.eu/local-contact-points/bg","International business, investment, innovation and partnership outreach","https://een.ec.europa.eu/local-contact-points/bg","official_directory","2026-10-04"
"MARINE CLUSTER BULGARIA SDRUZHENIE","Enterprise Europe Network / Business Support","BG","https://een.ec.europa.eu/local-contact-points/bg","https://een.ec.europa.eu/local-contact-points/bg","International business, investment, innovation and partnership outreach","https://een.ec.europa.eu/local-contact-points/bg","official_directory","2026-10-04"
"TERA TEHNOPOLIS DOO ZA PROMICANJE NOVIH TEHNOLOGIJA INOVACIJA I PODUZETNISTVA","Enterprise Europe Network / Business Support","HR","https://een.ec.europa.eu/local-contact-points/hr","https://een.ec.europa.eu/local-contact-points/hr","International business, investment, innovation and partnership outreach","https://een.ec.europa.eu/local-contact-points/hr","official_directory","2026-10-04"
"STEP RI ZNANSTVENO - TEHNOLOGIJSKIPARK SVEUCILISTA U RIJECI","Enterprise Europe Network / Business Support","HR","https://een.ec.europa.eu/local-contact-points/hr","https://een.ec.europa.eu/local-contact-points/hr","International business, investment, innovation and partnership outreach","https://een.ec.europa.eu/local-contact-points/hr","official_directory","2026-10-04"
"SVEUCILISTE U SPLITU","Enterprise Europe Network / Business Support","HR","https://een.ec.europa.eu/local-contact-points/hr","https://een.ec.europa.eu/local-contact-points/hr","International business, investment, innovation and partnership outreach","https://een.ec.europa.eu/local-contact-points/hr","official_directory","2026-10-04"
"TEHNOLOSKI PARK VARAZDIN DOO ZA INKUBACIJU INOVATIVNIH TEHNOLOGIJSKIHPODUZECA","Enterprise Europe Network / Business Support","HR","https://een.ec.europa.eu/local-contact-points/hr","https://een.ec.europa.eu/local-contact-points/hr","International business, investment, innovation and partnership outreach","https://een.ec.europa.eu/local-contact-points/hr","official_directory","2026-10-04"
"CROATIAN CHAMBER OF ECONOMY CCE","Enterprise Europe Network / Business Support","HR","https://een.ec.europa.eu/local-contact-points/hr","https://een.ec.europa.eu/local-contact-points/hr","International business, investment, innovation and partnership outreach","https://een.ec.europa.eu/local-contact-points/hr","official_directory","2026-10-04"
"HRVATSKA AGENCIJA ZA MALO GOSPODARSTVO, INOVACIJE I INVESTICIJE","Enterprise Europe Network / Business Support","HR","https://een.ec.europa.eu/local-contact-points/hr","https://een.ec.europa.eu/local-contact-points/hr","International business, investment, innovation and partnership outreach","https://een.ec.europa.eu/local-contact-points/hr","official_directory","2026-10-04"
"HEPA MAGYAR EXPORTFEJLESZTESI UGYNOKSEG NONPROFIT ZARTKORUEN MUKODO RESZVENYTARSASAG","Enterprise Europe Network / Business Support","HU","https://een.ec.europa.eu/local-contact-points/hu","https://een.ec.europa.eu/local-contact-points/hu","International business, investment, innovation and partnership outreach","https://een.ec.europa.eu/local-contact-points/hu","official_directory","2026-10-04"
"HAJDU-BIHAR VARMEGYEI KERESKEDELMI ES IPARKAMARA","Enterprise Europe Network / Business Support","HU","https://een.ec.europa.eu/local-contact-points/hu","https://een.ec.europa.eu/local-contact-points/hu","International business, investment, innovation and partnership outreach","https://een.ec.europa.eu/local-contact-points/hu","official_directory","2026-10-04"
"GYOR-MOSON-SOPRON VARMEGYEI KERESKEDELMI ES IPARKAMARA","Enterprise Europe Network / Business Support","HU","https://een.ec.europa.eu/local-contact-points/hu","https://een.ec.europa.eu/local-contact-points/hu","International business, investment, innovation and partnership outreach","https://een.ec.europa.eu/local-contact-points/hu","official_directory","2026-10-04"
"PRIMOM FOUNDATION FOR ENTERPRISE PROMOTION OF SZABOLCS SZATMAR BEREG COUNTY BT","Enterprise Europe Network / Business Support","HU","https://een.ec.europa.eu/local-contact-points/hu","https://een.ec.europa.eu/local-contact-points/hu","International business, investment, innovation and partnership outreach","https://een.ec.europa.eu/local-contact-points/hu","official_directory","2026-10-04"
"Chamber of Commerce and Industry of Pécs-Baranya","Enterprise Europe Network / Business Support","HU","https://een.ec.europa.eu/local-contact-points/hu","https://een.ec.europa.eu/local-contact-points/hu","International business, investment, innovation and partnership outreach","https://een.ec.europa.eu/local-contact-points/hu","official_directory","2026-10-04"
"Chamber of Commerce and Industry of Csongrád-Csanád","Enterprise Europe Network / Business Support","HU","https://een.ec.europa.eu/local-contact-points/hu","https://een.ec.europa.eu/local-contact-points/hu","International business, investment, innovation and partnership outreach","https://een.ec.europa.eu/local-contact-points/hu","official_directory","2026-10-04"
"FEJER VARMEGYEI KERESKEDELMI ES IPARKAMARA","Enterprise Europe Network / Business Support","HU","https://een.ec.europa.eu/local-contact-points/hu","https://een.ec.europa.eu/local-contact-points/hu","International business, investment, innovation and partnership outreach","https://een.ec.europa.eu/local-contact-points/hu","official_directory","2026-10-04"
"ZALA MEGYEI VALLALKOZASFEJLESZTESI ALAPITVANY","Enterprise Europe Network / Business Support","HU","https://een.ec.europa.eu/local-contact-points/hu","https://een.ec.europa.eu/local-contact-points/hu","International business, investment, innovation and partnership outreach","https://een.ec.europa.eu/local-contact-points/hu","official_directory","2026-10-04"
"BIC BRATISLAVA SPOL SRO","Enterprise Europe Network / Business Support","SK","https://een.ec.europa.eu/local-contact-points/sk","https://een.ec.europa.eu/local-contact-points/sk","International business, investment, innovation and partnership outreach","https://een.ec.europa.eu/local-contact-points/sk","official_directory","2026-10-04"
"CENTRUM VEDECKO TECHNICKYCH INFORMACII SLOVENSKEJ REPUBLIKY","Enterprise Europe Network / Business Support","SK","https://een.ec.europa.eu/local-contact-points/sk","https://een.ec.europa.eu/local-contact-points/sk","International business, investment, innovation and partnership outreach","https://een.ec.europa.eu/local-contact-points/sk","official_directory","2026-10-04"
"Slovenská inovačná a energetická agentúra","Enterprise Europe Network / Business Support","SK","https://een.ec.europa.eu/local-contact-points/sk","https://een.ec.europa.eu/local-contact-points/sk","International business, investment, innovation and partnership outreach","https://een.ec.europa.eu/local-contact-points/sk","official_directory","2026-10-04"
"SLOVENSKA OBCHODNA A PRIEMYSELNA KOMORA","Enterprise Europe Network / Business Support","SK","https://een.ec.europa.eu/local-contact-points/sk","https://een.ec.europa.eu/local-contact-points/sk","International business, investment, innovation and partnership outreach","https://een.ec.europa.eu/local-contact-points/sk","official_directory","2026-10-04"
"TECHNICKA UNIVERZITA V KOSICIACH","Enterprise Europe Network / Business Support","SK","https://een.ec.europa.eu/local-contact-points/sk","https://een.ec.europa.eu/local-contact-points/sk","International business, investment, innovation and partnership outreach","https://een.ec.europa.eu/local-contact-points/sk","official_directory","2026-10-04"
"INOVIA","Enterprise Europe Network / Business Support","SK","https://een.ec.europa.eu/local-contact-points/sk","https://een.ec.europa.eu/local-contact-points/sk","International business, investment, innovation and partnership outreach","https://een.ec.europa.eu/local-contact-points/sk","official_directory","2026-10-04"
"UNIVERZA NA PRIMORSKEM UNIVERSITA DEL LITORALE","Enterprise Europe Network / Business Support","SI","https://een.ec.europa.eu/local-contact-points/si","https://een.ec.europa.eu/local-contact-points/si","International business, investment, innovation and partnership outreach","https://een.ec.europa.eu/local-contact-points/si","official_directory","2026-10-04"
"Chamber of Craft and Small Business of Slovenia","Enterprise Europe Network / Business Support","SI","https://een.ec.europa.eu/local-contact-points/si","https://een.ec.europa.eu/local-contact-points/si","International business, investment, innovation and partnership outreach","https://een.ec.europa.eu/local-contact-points/si","official_directory","2026-10-04"
"GOSPODARSKA ZBORNICA SLOVENIJE","Enterprise Europe Network / Business Support","SI","https://een.ec.europa.eu/local-contact-points/si","https://een.ec.europa.eu/local-contact-points/si","International business, investment, innovation and partnership outreach","https://een.ec.europa.eu/local-contact-points/si","official_directory","2026-10-04"
"INSTITUT JOZEF STEFAN","Enterprise Europe Network / Business Support","SI","https://een.ec.europa.eu/local-contact-points/si","https://een.ec.europa.eu/local-contact-points/si","International business, investment, innovation and partnership outreach","https://een.ec.europa.eu/local-contact-points/si","official_directory","2026-10-04"
"UNIVERZA V MARIBORU","Enterprise Europe Network / Business Support","SI","https://een.ec.europa.eu/local-contact-points/si","https://een.ec.europa.eu/local-contact-points/si","International business, investment, innovation and partnership outreach","https://een.ec.europa.eu/local-contact-points/si","official_directory","2026-10-04"
"Regionalna razvojna agencija za Podravje - Maribor","Enterprise Europe Network / Business Support","SI","https://een.ec.europa.eu/local-contact-points/si","https://een.ec.europa.eu/local-contact-points/si","International business, investment, innovation and partnership outreach","https://een.ec.europa.eu/local-contact-points/si","official_directory","2026-10-04"
"KAUNO PREKYBOS, PRAMONES IR AMATU RUMAI","Enterprise Europe Network / Business Support","LT","https://een.ec.europa.eu/local-contact-points/lt","https://een.ec.europa.eu/local-contact-points/lt","International business, investment, innovation and partnership outreach","https://een.ec.europa.eu/local-contact-points/lt","official_directory","2026-10-04"
"VIESOJI ISTAIGA LIETUVOS INOVACIJU CENTRAS","Enterprise Europe Network / Business Support","LT","https://een.ec.europa.eu/local-contact-points/lt","https://een.ec.europa.eu/local-contact-points/lt","International business, investment, innovation and partnership outreach","https://een.ec.europa.eu/local-contact-points/lt","official_directory","2026-10-04"
"KLAIPĖDOS PREKYBOS, PRAMONĖS IR AMATŲ RŪMAI","Enterprise Europe Network / Business Support","LT","https://een.ec.europa.eu/local-contact-points/lt","https://een.ec.europa.eu/local-contact-points/lt","International business, investment, innovation and partnership outreach","https://een.ec.europa.eu/local-contact-points/lt","official_directory","2026-10-04"
"LATVIJAS INVESTĪCIJU UN ATTISTĪBAS AĢENTŪRA","Enterprise Europe Network / Business Support","LV","https://een.ec.europa.eu/local-contact-points/lv","https://een.ec.europa.eu/local-contact-points/lv","International business, investment, innovation and partnership outreach","https://een.ec.europa.eu/local-contact-points/lv","official_directory","2026-10-04"
"LATVIJAS TEHNOLOGISKAIS CENTRS NODIBINAJUMS","Enterprise Europe Network / Business Support","LV","https://een.ec.europa.eu/local-contact-points/lv","https://een.ec.europa.eu/local-contact-points/lv","International business, investment, innovation and partnership outreach","https://een.ec.europa.eu/local-contact-points/lv","official_directory","2026-10-04"
"LATVIJAS TIRDZNIECIBAS UN RUPNIECIBAS KAMERA","Enterprise Europe Network / Business Support","LV","https://een.ec.europa.eu/local-contact-points/lv","https://een.ec.europa.eu/local-contact-points/lv","International business, investment, innovation and partnership outreach","https://een.ec.europa.eu/local-contact-points/lv","official_directory","2026-10-04"
"ETTEVOTLUSE JA INNOVATSIOONI SIHTASUTUS","Enterprise Europe Network / Business Support","EE","https://een.ec.europa.eu/local-contact-points/ee","https://een.ec.europa.eu/local-contact-points/ee","International business, investment, innovation and partnership outreach","https://een.ec.europa.eu/local-contact-points/ee","official_directory","2026-10-04"
"INVENT BALTICS OU","Enterprise Europe Network / Business Support","EE","https://een.ec.europa.eu/local-contact-points/ee","https://een.ec.europa.eu/local-contact-points/ee","International business, investment, innovation and partnership outreach","https://een.ec.europa.eu/local-contact-points/ee","official_directory","2026-10-04"
"MTU EESTI KAUBANDUS-TOOSTUSKODA","Enterprise Europe Network / Business Support","EE","https://een.ec.europa.eu/local-contact-points/ee","https://een.ec.europa.eu/local-contact-points/ee","International business, investment, innovation and partnership outreach","https://een.ec.europa.eu/local-contact-points/ee","official_directory","2026-10-04"
"SIHTASUTUS TALLINNA TEADUSPARK TEHNOPOL","Enterprise Europe Network / Business Support","EE","https://een.ec.europa.eu/local-contact-points/ee","https://een.ec.europa.eu/local-contact-points/ee","International business, investment, innovation and partnership outreach","https://een.ec.europa.eu/local-contact-points/ee","official_directory","2026-10-04"
"Tartu Science Park Foundation","Enterprise Europe Network / Business Support","EE","https://een.ec.europa.eu/local-contact-points/ee","https://een.ec.europa.eu/local-contact-points/ee","International business, investment, innovation and partnership outreach","https://een.ec.europa.eu/local-contact-points/ee","official_directory","2026-10-04"
"LUXINNOVATION GIE","Enterprise Europe Network / Business Support","LU","https://een.ec.europa.eu/local-contact-points/lu","https://een.ec.europa.eu/local-contact-points/lu","International business, investment, innovation and partnership outreach","https://een.ec.europa.eu/local-contact-points/lu","official_directory","2026-10-04"
"CHAMBRE DES METIERS DU GRAND-DUCHE DU LUXEMBOURG","Enterprise Europe Network / Business Support","LU","https://een.ec.europa.eu/local-contact-points/lu","https://een.ec.europa.eu/local-contact-points/lu","International business, investment, innovation and partnership outreach","https://een.ec.europa.eu/local-contact-points/lu","official_directory","2026-10-04"
"LUXEMBOURG CHAMBER OF COMMERCE","Enterprise Europe Network / Business Support","LU","https://een.ec.europa.eu/local-contact-points/lu","https://een.ec.europa.eu/local-contact-points/lu","International business, investment, innovation and partnership outreach","https://een.ec.europa.eu/local-contact-points/lu","official_directory","2026-10-04"
"XJENZA MALTA","Enterprise Europe Network / Business Support","MT","https://een.ec.europa.eu/local-contact-points/mt","https://een.ec.europa.eu/local-contact-points/mt","International business, investment, innovation and partnership outreach","https://een.ec.europa.eu/local-contact-points/mt","official_directory","2026-10-04"
"MALTA ENTERPRISE","Enterprise Europe Network / Business Support","MT","https://een.ec.europa.eu/local-contact-points/mt","https://een.ec.europa.eu/local-contact-points/mt","International business, investment, innovation and partnership outreach","https://een.ec.europa.eu/local-contact-points/mt","official_directory","2026-10-04"
"THE MALTA CHAMBER OF COMMERCE AND ENTERPRISE ASSOCIATION","Enterprise Europe Network / Business Support","MT","https://een.ec.europa.eu/local-contact-points/mt","https://een.ec.europa.eu/local-contact-points/mt","International business, investment, innovation and partnership outreach","https://een.ec.europa.eu/local-contact-points/mt","official_directory","2026-10-04"
"MALTA BUSINESS FOUNDATION","Enterprise Europe Network / Business Support","MT","https://een.ec.europa.eu/local-contact-points/mt","https://een.ec.europa.eu/local-contact-points/mt","International business, investment, innovation and partnership outreach","https://een.ec.europa.eu/local-contact-points/mt","official_directory","2026-10-04"
"CYPRUS ENERGY AGENCY","Enterprise Europe Network / Business Support","CY","https://een.ec.europa.eu/local-contact-points/cy","https://een.ec.europa.eu/local-contact-points/cy","International business, investment, innovation and partnership outreach","https://een.ec.europa.eu/local-contact-points/cy","official_directory","2026-10-04"
"CYPRUS CHAMBER OF COMMERCE AND INDUSTRY","Enterprise Europe Network / Business Support","CY","https://een.ec.europa.eu/local-contact-points/cy","https://een.ec.europa.eu/local-contact-points/cy","International business, investment, innovation and partnership outreach","https://een.ec.europa.eu/local-contact-points/cy","official_directory","2026-10-04"
"IDRYMA EREVNAS KAI KAINOTOMIAS","Enterprise Europe Network / Business Support","CY","https://een.ec.europa.eu/local-contact-points/cy","https://een.ec.europa.eu/local-contact-points/cy","International business, investment, innovation and partnership outreach","https://een.ec.europa.eu/local-contact-points/cy","official_directory","2026-10-04"
"EUROPEAN OFFICE OF CYPRUS","Enterprise Europe Network / Business Support","CY","https://een.ec.europa.eu/local-contact-points/cy","https://een.ec.europa.eu/local-contact-points/cy","International business, investment, innovation and partnership outreach","https://een.ec.europa.eu/local-contact-points/cy","official_directory","2026-10-04"
"RANNSOKNAMIDSTOD ISLANDS","Enterprise Europe Network / Business Support","IS","https://een.ec.europa.eu/local-contact-points/is","https://een.ec.europa.eu/local-contact-points/is","International business, investment, innovation and partnership outreach","https://een.ec.europa.eu/local-contact-points/is","official_directory","2026-10-04"
"PRIVREDNA KOMORA SRBIJE","Enterprise Europe Network / Business Support","RS","https://een.ec.europa.eu/local-contact-points/rs","https://een.ec.europa.eu/local-contact-points/rs","International business, investment, innovation and partnership outreach","https://een.ec.europa.eu/local-contact-points/rs","official_directory","2026-10-04"
"DEVELOPMENT AGENCY OF SERBIA","Enterprise Europe Network / Business Support","RS","https://een.ec.europa.eu/local-contact-points/rs","https://een.ec.europa.eu/local-contact-points/rs","International business, investment, innovation and partnership outreach","https://een.ec.europa.eu/local-contact-points/rs","official_directory","2026-10-04"
"Institute Mihajlo Pupin","Enterprise Europe Network / Business Support","RS","https://een.ec.europa.eu/local-contact-points/rs","https://een.ec.europa.eu/local-contact-points/rs","International business, investment, innovation and partnership outreach","https://een.ec.europa.eu/local-contact-points/rs","official_directory","2026-10-04"
"INOVACIONI CENTAR MASINSKOG FAKULTETA DOO","Enterprise Europe Network / Business Support","RS","https://een.ec.europa.eu/local-contact-points/rs","https://een.ec.europa.eu/local-contact-points/rs","International business, investment, innovation and partnership outreach","https://een.ec.europa.eu/local-contact-points/rs","official_directory","2026-10-04"
"FACULTY OF ECONOMICS NIS","Enterprise Europe Network / Business Support","RS","https://een.ec.europa.eu/local-contact-points/rs","https://een.ec.europa.eu/local-contact-points/rs","International business, investment, innovation and partnership outreach","https://een.ec.europa.eu/local-contact-points/rs","official_directory","2026-10-04"
"POSLOVNI INKUBATOR NOVI SAD - BUSINESS INCUBATOR NOVI SAD DRUSTVO SA OGRANICENOM ODGOVORNOSCU NOVI SAD","Enterprise Europe Network / Business Support","RS","https://een.ec.europa.eu/local-contact-points/rs","https://een.ec.europa.eu/local-contact-points/rs","International business, investment, innovation and partnership outreach","https://een.ec.europa.eu/local-contact-points/rs","official_directory","2026-10-04"
"FONDACIJA BIZNIS START - UP CENTARBAR","Enterprise Europe Network / Business Support","ME","https://een.ec.europa.eu/local-contact-points/me","https://een.ec.europa.eu/local-contact-points/me","International business, investment, innovation and partnership outreach","https://een.ec.europa.eu/local-contact-points/me","official_directory","2026-10-04"
"JAVNA USTANOVA UNIVERZITET CRNE GORE PODGORICA","Enterprise Europe Network / Business Support","ME","https://een.ec.europa.eu/local-contact-points/me","https://een.ec.europa.eu/local-contact-points/me","International business, investment, innovation and partnership outreach","https://een.ec.europa.eu/local-contact-points/me","official_directory","2026-10-04"
"Ministarstvo regionalno investicionog razvoja i saradnje sa nevladinim organizacijama","Enterprise Europe Network / Business Support","ME","https://een.ec.europa.eu/local-contact-points/me","https://een.ec.europa.eu/local-contact-points/me","International business, investment, innovation and partnership outreach","https://een.ec.europa.eu/local-contact-points/me","official_directory","2026-10-04"
"PRIVREDNA KOMORA CRNE GORE PODGORICA","Enterprise Europe Network / Business Support","ME","https://een.ec.europa.eu/local-contact-points/me","https://een.ec.europa.eu/local-contact-points/me","International business, investment, innovation and partnership outreach","https://een.ec.europa.eu/local-contact-points/me","official_directory","2026-10-04"
"FOUNDATION FOR MANAGEMENT AND INDUSTRIAL RESEARCH FOUNDATION SKOPJE","Enterprise Europe Network / Business Support","MK","https://een.ec.europa.eu/local-contact-points/mk","https://een.ec.europa.eu/local-contact-points/mk","International business, investment, innovation and partnership outreach","https://een.ec.europa.eu/local-contact-points/mk","official_directory","2026-10-04"
"Ss. CYRIL AND METHODIUS UNIVERSITY IN SKOPJE","Enterprise Europe Network / Business Support","MK","https://een.ec.europa.eu/local-contact-points/mk","https://een.ec.europa.eu/local-contact-points/mk","International business, investment, innovation and partnership outreach","https://een.ec.europa.eu/local-contact-points/mk","official_directory","2026-10-04"
"ECONOMIC CHAMBER OF NORTH MACEDONIA","Enterprise Europe Network / Business Support","MK","https://een.ec.europa.eu/local-contact-points/mk","https://een.ec.europa.eu/local-contact-points/mk","International business, investment, innovation and partnership outreach","https://een.ec.europa.eu/local-contact-points/mk","official_directory","2026-10-04"
"Dhoma e Tregtise dhe Industrise Durres","Enterprise Europe Network / Business Support","AL","https://een.ec.europa.eu/local-contact-points/al","https://een.ec.europa.eu/local-contact-points/al","International business, investment, innovation and partnership outreach","https://een.ec.europa.eu/local-contact-points/al","official_directory","2026-10-04"
"Dhoma Ekonomike e Grave te Shqiperise","Enterprise Europe Network / Business Support","AL","https://een.ec.europa.eu/local-contact-points/al","https://een.ec.europa.eu/local-contact-points/al","International business, investment, innovation and partnership outreach","https://een.ec.europa.eu/local-contact-points/al","official_directory","2026-10-04"
"Qendra per Promovimin e Konkurrueshmerise","Enterprise Europe Network / Business Support","AL","https://een.ec.europa.eu/local-contact-points/al","https://een.ec.europa.eu/local-contact-points/al","International business, investment, innovation and partnership outreach","https://een.ec.europa.eu/local-contact-points/al","official_directory","2026-10-04"
"Fondacioni Agjensia Rajonale e Zhvillimit SME","Enterprise Europe Network / Business Support","AL","https://een.ec.europa.eu/local-contact-points/al","https://een.ec.europa.eu/local-contact-points/al","International business, investment, innovation and partnership outreach","https://een.ec.europa.eu/local-contact-points/al","official_directory","2026-10-04"
"Agjencia Shqiptare e Zhvillimit te Investimeve","Enterprise Europe Network / Business Support","AL","https://een.ec.europa.eu/local-contact-points/al","https://een.ec.europa.eu/local-contact-points/al","International business, investment, innovation and partnership outreach","https://een.ec.europa.eu/local-contact-points/al","official_directory","2026-10-04"
"DIGITAL INNOVATION HUB ONEX","Enterprise Europe Network / Business Support","BA","https://een.ec.europa.eu/local-contact-points/ba","https://een.ec.europa.eu/local-contact-points/ba","International business, investment, innovation and partnership outreach","https://een.ec.europa.eu/local-contact-points/ba","official_directory","2026-10-04"
"NAUCNO TEHNOLOSKI PARK REPUBLIKE SRPSKE DOO","Enterprise Europe Network / Business Support","BA","https://een.ec.europa.eu/local-contact-points/ba","https://een.ec.europa.eu/local-contact-points/ba","International business, investment, innovation and partnership outreach","https://een.ec.europa.eu/local-contact-points/ba","official_directory","2026-10-04"
"Unija poslodavaca Republike Srpske","Enterprise Europe Network / Business Support","BA","https://een.ec.europa.eu/local-contact-points/ba","https://een.ec.europa.eu/local-contact-points/ba","International business, investment, innovation and partnership outreach","https://een.ec.europa.eu/local-contact-points/ba","official_directory","2026-10-04"
"Univerzitet u Banjoj Luci","Enterprise Europe Network / Business Support","BA","https://een.ec.europa.eu/local-contact-points/ba","https://een.ec.europa.eu/local-contact-points/ba","International business, investment, innovation and partnership outreach","https://een.ec.europa.eu/local-contact-points/ba","official_directory","2026-10-04"
"ZANATSKO-PREDUZETNICKA KOMORA REPUBLIKE SRPSKE","Enterprise Europe Network / Business Support","BA","https://een.ec.europa.eu/local-contact-points/ba","https://een.ec.europa.eu/local-contact-points/ba","International business, investment, innovation and partnership outreach","https://een.ec.europa.eu/local-contact-points/ba","official_directory","2026-10-04"
"UNIVERZITET U ISTOCNOM SARAJEVU","Enterprise Europe Network / Business Support","BA","https://een.ec.europa.eu/local-contact-points/ba","https://een.ec.europa.eu/local-contact-points/ba","International business, investment, innovation and partnership outreach","https://een.ec.europa.eu/local-contact-points/ba","official_directory","2026-10-04"
"ZAKLADA ZA INOVACIJSKI I TEHNOLOSKI RAZVITAK","Enterprise Europe Network / Business Support","BA","https://een.ec.europa.eu/local-contact-points/ba","https://een.ec.europa.eu/local-contact-points/ba","International business, investment, innovation and partnership outreach","https://een.ec.europa.eu/local-contact-points/ba","official_directory","2026-10-04"
"SARAJEVSKA REGIONALNA RAZVOJNA AGENCIJA SERDA DOO SARAJEVO","Enterprise Europe Network / Business Support","BA","https://een.ec.europa.eu/local-contact-points/ba","https://een.ec.europa.eu/local-contact-points/ba","International business, investment, innovation and partnership outreach","https://een.ec.europa.eu/local-contact-points/ba","official_directory","2026-10-04"
"UNIVERZITET U SARAJEVU","Enterprise Europe Network / Business Support","BA","https://een.ec.europa.eu/local-contact-points/ba","https://een.ec.europa.eu/local-contact-points/ba","International business, investment, innovation and partnership outreach","https://een.ec.europa.eu/local-contact-points/ba","official_directory","2026-10-04"
"VANJSKOTRGOVINSKA/SPOLJNOTRGOVINSKA KOMORA BIH","Enterprise Europe Network / Business Support","BA","https://een.ec.europa.eu/local-contact-points/ba","https://een.ec.europa.eu/local-contact-points/ba","International business, investment, innovation and partnership outreach","https://een.ec.europa.eu/local-contact-points/ba","official_directory","2026-10-04"
"JAVNO PREDUZECE BIT CENTAR DOO U TUZLI","Enterprise Europe Network / Business Support","BA","https://een.ec.europa.eu/local-contact-points/ba","https://een.ec.europa.eu/local-contact-points/ba","International business, investment, innovation and partnership outreach","https://een.ec.europa.eu/local-contact-points/ba","official_directory","2026-10-04"
"ZENICKA RAZVOJNA AGENCIJA ZEDA DOO","Enterprise Europe Network / Business Support","BA","https://een.ec.europa.eu/local-contact-points/ba","https://een.ec.europa.eu/local-contact-points/ba","International business, investment, innovation and partnership outreach","https://een.ec.europa.eu/local-contact-points/ba","official_directory","2026-10-04"
"CAMERA DE COMERT SI INDUSTRIE A REPUBLICII MOLDOVA CCI RM","Enterprise Europe Network / Business Support","MD","https://een.ec.europa.eu/local-contact-points/md","https://een.ec.europa.eu/local-contact-points/md","International business, investment, innovation and partnership outreach","https://een.ec.europa.eu/local-contact-points/md","official_directory","2026-10-04"
"ORGANIZATIA PENTRU DEZVOLTAREA ANTREPRENORIATULUI","Enterprise Europe Network / Business Support","MD","https://een.ec.europa.eu/local-contact-points/md","https://een.ec.europa.eu/local-contact-points/md","International business, investment, innovation and partnership outreach","https://een.ec.europa.eu/local-contact-points/md","official_directory","2026-10-04"
"AGENTIA NATIONALA PENTRU CERCETARE SI DEZVOLTARE","Enterprise Europe Network / Business Support","MD","https://een.ec.europa.eu/local-contact-points/md","https://een.ec.europa.eu/local-contact-points/md","International business, investment, innovation and partnership outreach","https://een.ec.europa.eu/local-contact-points/md","official_directory","2026-10-04"
"ASOCIATIA OBSTEASCA RETEAUA DE TRANSFER TEHNOLOGIC A MOLDOVEI","Enterprise Europe Network / Business Support","MD","https://een.ec.europa.eu/local-contact-points/md","https://een.ec.europa.eu/local-contact-points/md","International business, investment, innovation and partnership outreach","https://een.ec.europa.eu/local-contact-points/md","official_directory","2026-10-04"
"ASOCIATIA NATIONALA A COMPANIILOR DIN DOMENIUL TEHNOLOGIILOR INFORMATIONALE SI AL COMUNICATIILOR","Enterprise Europe Network / Business Support","MD","https://een.ec.europa.eu/local-contact-points/md","https://een.ec.europa.eu/local-contact-points/md","International business, investment, innovation and partnership outreach","https://een.ec.europa.eu/local-contact-points/md","official_directory","2026-10-04"
"NON-GOVERNMENTAL ORGANISATION KHARKIV INFORMATION TECHNOLOGY CLUSTER","Enterprise Europe Network / Business Support","UA","https://een.ec.europa.eu/local-contact-points/ua","https://een.ec.europa.eu/local-contact-points/ua","International business, investment, innovation and partnership outreach","https://een.ec.europa.eu/local-contact-points/ua","official_directory","2026-10-04"
"INSTITUTE OF PHYSICS OF NATIONAL ACADEMY OF SCIENCE OF UKRAINE","Enterprise Europe Network / Business Support","UA","https://een.ec.europa.eu/local-contact-points/ua","https://een.ec.europa.eu/local-contact-points/ua","International business, investment, innovation and partnership outreach","https://een.ec.europa.eu/local-contact-points/ua","official_directory","2026-10-04"
"PUBLIC UNION UKRAINIAN CLUSTER ALLIANCE","Enterprise Europe Network / Business Support","UA","https://een.ec.europa.eu/local-contact-points/ua","https://een.ec.europa.eu/local-contact-points/ua","International business, investment, innovation and partnership outreach","https://een.ec.europa.eu/local-contact-points/ua","official_directory","2026-10-04"
"MINISTRY OF FOREIGN AFFAIRS","Enterprise Europe Network / Business Support","UA","https://een.ec.europa.eu/local-contact-points/ua","https://een.ec.europa.eu/local-contact-points/ua","International business, investment, innovation and partnership outreach","https://een.ec.europa.eu/local-contact-points/ua","official_directory","2026-10-04"
"NEW INTERNATIONAL CORPORATION LTD","Enterprise Europe Network / Business Support","UA","https://een.ec.europa.eu/local-contact-points/ua","https://een.ec.europa.eu/local-contact-points/ua","International business, investment, innovation and partnership outreach","https://een.ec.europa.eu/local-contact-points/ua","official_directory","2026-10-04"
"Platform for Recovery Nazovni Public Union","Enterprise Europe Network / Business Support","UA","https://een.ec.europa.eu/local-contact-points/ua","https://een.ec.europa.eu/local-contact-points/ua","International business, investment, innovation and partnership outreach","https://een.ec.europa.eu/local-contact-points/ua","official_directory","2026-10-04"
"State Finance Institution for innovations","Enterprise Europe Network / Business Support","UA","https://een.ec.europa.eu/local-contact-points/ua","https://een.ec.europa.eu/local-contact-points/ua","International business, investment, innovation and partnership outreach","https://een.ec.europa.eu/local-contact-points/ua","official_directory","2026-10-04"
"TARAS SHEVCHENKO NATIONAL UNIVERSITY OF KYIV","Enterprise Europe Network / Business Support","UA","https://een.ec.europa.eu/local-contact-points/ua","https://een.ec.europa.eu/local-contact-points/ua","International business, investment, innovation and partnership outreach","https://een.ec.europa.eu/local-contact-points/ua","official_directory","2026-10-04"
"UKRAINIAN CHAMBER OF COMMERCE AND INDUSTRY","Enterprise Europe Network / Business Support","UA","https://een.ec.europa.eu/local-contact-points/ua","https://een.ec.europa.eu/local-contact-points/ua","International business, investment, innovation and partnership outreach","https://een.ec.europa.eu/local-contact-points/ua","official_directory","2026-10-04"
"Business for Business - EBA Georgia","Enterprise Europe Network / Business Support","GE","https://een.ec.europa.eu/local-contact-points/ge","https://een.ec.europa.eu/local-contact-points/ge","International business, investment, innovation and partnership outreach","https://een.ec.europa.eu/local-contact-points/ge","official_directory","2026-10-04"
"Skip to main content","Enterprise Europe Network / Business Support","AM","https://een.ec.europa.eu/local-contact-points/am","https://een.ec.europa.eu/local-contact-points/am","International business, investment, innovation and partnership outreach","https://een.ec.europa.eu/local-contact-points/am","official_directory","2026-10-04"
"Skip to main content","Enterprise Europe Network / Business Support","AZ","https://een.ec.europa.eu/local-contact-points/az","https://een.ec.europa.eu/local-contact-points/az","International business, investment, innovation and partnership outreach","https://een.ec.europa.eu/local-contact-points/az","official_directory","2026-10-04"
"Invest Northern Ireland","Enterprise Europe Network / Business Support","GB","https://een.ec.europa.eu/local-contact-points/gb","https://een.ec.europa.eu/local-contact-points/gb","International business, investment, innovation and partnership outreach","https://een.ec.europa.eu/local-contact-points/gb","official_directory","2026-10-04"
"City of Bradford Metropolitan District Council","Enterprise Europe Network / Business Support","GB","https://een.ec.europa.eu/local-contact-points/gb","https://een.ec.europa.eu/local-contact-points/gb","International business, investment, innovation and partnership outreach","https://een.ec.europa.eu/local-contact-points/gb","official_directory","2026-10-04"
"GWE Business West Ltd","Enterprise Europe Network / Business Support","GB","https://een.ec.europa.eu/local-contact-points/gb","https://een.ec.europa.eu/local-contact-points/gb","International business, investment, innovation and partnership outreach","https://een.ec.europa.eu/local-contact-points/gb","official_directory","2026-10-04"
"St John’s Innovation Centre Ltd","Enterprise Europe Network / Business Support","GB","https://een.ec.europa.eu/local-contact-points/gb","https://een.ec.europa.eu/local-contact-points/gb","International business, investment, innovation and partnership outreach","https://een.ec.europa.eu/local-contact-points/gb","official_directory","2026-10-04"
"Welsh Government","Enterprise Europe Network / Business Support","GB","https://een.ec.europa.eu/local-contact-points/gb","https://een.ec.europa.eu/local-contact-points/gb","International business, investment, innovation and partnership outreach","https://een.ec.europa.eu/local-contact-points/gb","official_directory","2026-10-04"
"University of Greenwich","Enterprise Europe Network / Business Support","GB","https://een.ec.europa.eu/local-contact-points/gb","https://een.ec.europa.eu/local-contact-points/gb","International business, investment, innovation and partnership outreach","https://een.ec.europa.eu/local-contact-points/gb","official_directory","2026-10-04"
"East Midlands Chamber (Derbyshire, Nottinghamshire, Leicestershire)","Enterprise Europe Network / Business Support","GB","https://een.ec.europa.eu/local-contact-points/gb","https://een.ec.europa.eu/local-contact-points/gb","International business, investment, innovation and partnership outreach","https://een.ec.europa.eu/local-contact-points/gb","official_directory","2026-10-04"
"CU Services Limited","Enterprise Europe Network / Business Support","GB","https://een.ec.europa.eu/local-contact-points/gb","https://een.ec.europa.eu/local-contact-points/gb","International business, investment, innovation and partnership outreach","https://een.ec.europa.eu/local-contact-points/gb","official_directory","2026-10-04"
"RTC North Ltd","Enterprise Europe Network / Business Support","GB","https://een.ec.europa.eu/local-contact-points/gb","https://een.ec.europa.eu/local-contact-points/gb","International business, investment, innovation and partnership outreach","https://een.ec.europa.eu/local-contact-points/gb","official_directory","2026-10-04"
"BIC Innovation Ltd","Enterprise Europe Network / Business Support","GB","https://een.ec.europa.eu/local-contact-points/gb","https://een.ec.europa.eu/local-contact-points/gb","International business, investment, innovation and partnership outreach","https://een.ec.europa.eu/local-contact-points/gb","official_directory","2026-10-04"
"Scottish Enterprise","Enterprise Europe Network / Business Support","GB","https://een.ec.europa.eu/local-contact-points/gb","https://een.ec.europa.eu/local-contact-points/gb","International business, investment, innovation and partnership outreach","https://een.ec.europa.eu/local-contact-points/gb","official_directory","2026-10-04"
"Exemplas Limited","Enterprise Europe Network / Business Support","GB","https://een.ec.europa.eu/local-contact-points/gb","https://een.ec.europa.eu/local-contact-points/gb","International business, investment, innovation and partnership outreach","https://een.ec.europa.eu/local-contact-points/gb","official_directory","2026-10-04"
"Innovate UK Business Connect","Enterprise Europe Network / Business Support","GB","https://een.ec.europa.eu/local-contact-points/gb","https://een.ec.europa.eu/local-contact-points/gb","International business, investment, innovation and partnership outreach","https://een.ec.europa.eu/local-contact-points/gb","official_directory","2026-10-04"
"Newable Limited","Enterprise Europe Network / Business Support","GB","https://een.ec.europa.eu/local-contact-points/gb","https://een.ec.europa.eu/local-contact-points/gb","International business, investment, innovation and partnership outreach","https://een.ec.europa.eu/local-contact-points/gb","official_directory","2026-10-04"
"University College London","Enterprise Europe Network / Business Support","GB","https://een.ec.europa.eu/local-contact-points/gb","https://een.ec.europa.eu/local-contact-points/gb","International business, investment, innovation and partnership outreach","https://een.ec.europa.eu/local-contact-points/gb","official_directory","2026-10-04"
"The Growth Company Limited","Enterprise Europe Network / Business Support","GB","https://een.ec.europa.eu/local-contact-points/gb","https://een.ec.europa.eu/local-contact-points/gb","International business, investment, innovation and partnership outreach","https://een.ec.europa.eu/local-contact-points/gb","official_directory","2026-10-04"
"Oxford Innovation Services Ltd","Enterprise Europe Network / Business Support","GB","https://een.ec.europa.eu/local-contact-points/gb","https://een.ec.europa.eu/local-contact-points/gb","International business, investment, innovation and partnership outreach","https://een.ec.europa.eu/local-contact-points/gb","official_directory","2026-10-04"
"United Kingdom Research and Innovation - Innovate UK","Enterprise Europe Network / Business Support","GB","https://een.ec.europa.eu/local-contact-points/gb","https://een.ec.europa.eu/local-contact-points/gb","International business, investment, innovation and partnership outreach","https://een.ec.europa.eu/local-contact-points/gb","official_directory","2026-10-04"
"Inventya Ltd","Enterprise Europe Network / Business Support","GB","https://een.ec.europa.eu/local-contact-points/gb","https://een.ec.europa.eu/local-contact-points/gb","International business, investment, innovation and partnership outreach","https://een.ec.europa.eu/local-contact-points/gb","official_directory","2026-10-04"
"European American Chamber of Commerce - Greater Cincinnati","Enterprise Europe Network / Business Support","US","https://een.ec.europa.eu/local-contact-points/us","https://een.ec.europa.eu/local-contact-points/us","International business, investment, innovation and partnership outreach","https://een.ec.europa.eu/local-contact-points/us","official_directory","2026-10-04"
"European American Chamber of Commerce Texas","Enterprise Europe Network / Business Support","US","https://een.ec.europa.eu/local-contact-points/us","https://een.ec.europa.eu/local-contact-points/us","International business, investment, innovation and partnership outreach","https://een.ec.europa.eu/local-contact-points/us","official_directory","2026-10-04"
"European American Chamber of Commerce Carolinas","Enterprise Europe Network / Business Support","US","https://een.ec.europa.eu/local-contact-points/us","https://een.ec.europa.eu/local-contact-points/us","International business, investment, innovation and partnership outreach","https://een.ec.europa.eu/local-contact-points/us","official_directory","2026-10-04"
"European American Chamber of Commerce - Florida","Enterprise Europe Network / Business Support","US","https://een.ec.europa.eu/local-contact-points/us","https://een.ec.europa.eu/local-contact-points/us","International business, investment, innovation and partnership outreach","https://een.ec.europa.eu/local-contact-points/us","official_directory","2026-10-04"
"European American Chamber of Commerce New York","Enterprise Europe Network / Business Support","US","https://een.ec.europa.eu/local-contact-points/us","https://een.ec.europa.eu/local-contact-points/us","International business, investment, innovation and partnership outreach","https://een.ec.europa.eu/local-contact-points/us","official_directory","2026-10-04"
"European-Canadian Centre for Innovation and Research","Enterprise Europe Network / Business Support","CA","https://een.ec.europa.eu/local-contact-points/ca","https://een.ec.europa.eu/local-contact-points/ca","International business, investment, innovation and partnership outreach","https://een.ec.europa.eu/local-contact-points/ca","official_directory","2026-10-04"
"Next Generation Manufacturing Canada","Enterprise Europe Network / Business Support","CA","https://een.ec.europa.eu/local-contact-points/ca","https://een.ec.europa.eu/local-contact-points/ca","International business, investment, innovation and partnership outreach","https://een.ec.europa.eu/local-contact-points/ca","official_directory","2026-10-04"
"European Union Chamber of Commerce in Canada - West","Enterprise Europe Network / Business Support","CA","https://een.ec.europa.eu/local-contact-points/ca","https://een.ec.europa.eu/local-contact-points/ca","International business, investment, innovation and partnership outreach","https://een.ec.europa.eu/local-contact-points/ca","official_directory","2026-10-04"
"EU-Japan Centre for Industrial Cooperation","Enterprise Europe Network / Business Support","JP","https://een.ec.europa.eu/local-contact-points/jp","https://een.ec.europa.eu/local-contact-points/jp","International business, investment, innovation and partnership outreach","https://een.ec.europa.eu/local-contact-points/jp","official_directory","2026-10-04"
"Skip to main content","Enterprise Europe Network / Business Support","KR","https://een.ec.europa.eu/local-contact-points/kr","https://een.ec.europa.eu/local-contact-points/kr","International business, investment, innovation and partnership outreach","https://een.ec.europa.eu/local-contact-points/kr","official_directory","2026-10-04"
"Enterprise Singapore","Enterprise Europe Network / Business Support","SG","https://een.ec.europa.eu/local-contact-points/sg","https://een.ec.europa.eu/local-contact-points/sg","International business, investment, innovation and partnership outreach","https://een.ec.europa.eu/local-contact-points/sg","official_directory","2026-10-04"
"Singapore Business Federation","Enterprise Europe Network / Business Support","SG","https://een.ec.europa.eu/local-contact-points/sg","https://een.ec.europa.eu/local-contact-points/sg","International business, investment, innovation and partnership outreach","https://een.ec.europa.eu/local-contact-points/sg","official_directory","2026-10-04"
"Israel Innovation Authority","Enterprise Europe Network / Business Support","IL","https://een.ec.europa.eu/local-contact-points/il","https://een.ec.europa.eu/local-contact-points/il","International business, investment, innovation and partnership outreach","https://een.ec.europa.eu/local-contact-points/il","official_directory","2026-10-04"
"Manufacturers Association of Israel","Enterprise Europe Network / Business Support","IL","https://een.ec.europa.eu/local-contact-points/il","https://een.ec.europa.eu/local-contact-points/il","International business, investment, innovation and partnership outreach","https://een.ec.europa.eu/local-contact-points/il","official_directory","2026-10-04"
"Innosuisse - Swiss Innovation Agency","Enterprise Europe Network / Business Support","CH","https://een.ec.europa.eu/local-contact-points/ch","https://een.ec.europa.eu/local-contact-points/ch","International business, investment, innovation and partnership outreach","https://een.ec.europa.eu/local-contact-points/ch","official_directory","2026-10-04"
"Switzerland Global Enterprise","Enterprise Europe Network / Business Support","CH","https://een.ec.europa.eu/local-contact-points/ch","https://een.ec.europa.eu/local-contact-points/ch","International business, investment, innovation and partnership outreach","https://een.ec.europa.eu/local-contact-points/ch","official_directory","2026-10-04"